/*
Navicat Oracle Data Transfer
Oracle Client Version : 11.2.0.1.0

Source Server         : 127.0.0.1-本机Oracle测试
Source Server Version : 110200
Source Host           : 127.0.0.1:1521
Source Schema         : BING

Target Server Type    : ORACLE
Target Server Version : 110200
File Encoding         : 65001

Date: 2018-06-28 17:06:59
*/


-- ----------------------------
-- Table structure for GDMS_DEV_MAIN
-- ----------------------------
DROP TABLE "BING"."GDMS_DEV_MAIN";
CREATE TABLE "BING"."GDMS_DEV_MAIN" (
"ID" NUMBER NOT NULL ,
"STN_ID" NUMBER NULL ,
"NAME" VARCHAR2(50 BYTE) NOT NULL ,
"COUNT" NUMBER NULL ,
"SN" VARCHAR2(50 BYTE) NULL ,
"STYLE_ID" NUMBER NULL ,
"PROJECT_ID" NUMBER NULL ,
"DELIVERY_DATE" DATE NULL ,
"STATUS" CHAR(1 BYTE) NULL ,
"REMARK" VARCHAR2(50 BYTE) NULL ,
"USER_ID" NUMBER NULL ,
"EDIT_DATE" DATE NULL 
)
LOGGING
NOCOMPRESS
NOCACHE

;
COMMENT ON TABLE "BING"."GDMS_DEV_MAIN" IS '设备主表 (位置ID、式样ID、项目ID)';

-- ----------------------------
-- Records of GDMS_DEV_MAIN
-- ----------------------------
INSERT INTO "BING"."GDMS_DEV_MAIN" VALUES ('1', '1', '工控机', '1', '123456', '1', '1', TO_DATE('2018-06-28 15:02:01', 'YYYY-MM-DD HH24:MI:SS'), '1', '无', '1209435', TO_DATE('2018-06-28 15:02:17', 'YYYY-MM-DD HH24:MI:SS'));

-- ----------------------------
-- Table structure for GDMS_DEV_MORE
-- ----------------------------
DROP TABLE "BING"."GDMS_DEV_MORE";
CREATE TABLE "BING"."GDMS_DEV_MORE" (
"DEV_ID" NUMBER NOT NULL ,
"ITEM" VARCHAR2(50 BYTE) NULL ,
"VALUE" VARCHAR2(100 BYTE) NULL 
)
LOGGING
NOCOMPRESS
NOCACHE

;
COMMENT ON TABLE "BING"."GDMS_DEV_MORE" IS '设备副表';

-- ----------------------------
-- Records of GDMS_DEV_MORE
-- ----------------------------
INSERT INTO "BING"."GDMS_DEV_MORE" VALUES ('1', 'CPU', '2.0');

-- ----------------------------
-- Table structure for GDMS_LANG
-- ----------------------------
DROP TABLE "BING"."GDMS_LANG";
CREATE TABLE "BING"."GDMS_LANG" (
"YE_MIAN_MING" NVARCHAR2(50) NOT NULL ,
"YU_ZHONG" NVARCHAR2(2) NOT NULL ,
"XU_HAO" NVARCHAR2(50) NOT NULL ,
"WEN_ZI" NVARCHAR2(50) NULL 
)
LOGGING
NOCOMPRESS
NOCACHE

;
COMMENT ON TABLE "BING"."GDMS_LANG" IS '语言表';

-- ----------------------------
-- Records of GDMS_LANG
-- ----------------------------
INSERT INTO "BING"."GDMS_LANG" VALUES ('account', 'CN', '设备管理系统', '设备管理系统');
INSERT INTO "BING"."GDMS_LANG" VALUES ('account', 'CN', '密码', '密码');
INSERT INTO "BING"."GDMS_LANG" VALUES ('account', 'CN', '用户名', '用户名');
INSERT INTO "BING"."GDMS_LANG" VALUES ('account', 'CN', '登录', '登录');
INSERT INTO "BING"."GDMS_LANG" VALUES ('account', 'EN', '设备管理系统', 'GDMS');
INSERT INTO "BING"."GDMS_LANG" VALUES ('account', 'EN', '密码', 'Password');
INSERT INTO "BING"."GDMS_LANG" VALUES ('account', 'EN', '用户名', 'Username');
INSERT INTO "BING"."GDMS_LANG" VALUES ('account', 'EN', '登录', 'Login');
INSERT INTO "BING"."GDMS_LANG" VALUES ('account', 'CN', '注册', '注册');
INSERT INTO "BING"."GDMS_LANG" VALUES ('account', 'EN', '注册', 'Register');
INSERT INTO "BING"."GDMS_LANG" VALUES ('account', 'CN', '账号', '账号');
INSERT INTO "BING"."GDMS_LANG" VALUES ('account', 'EN', '账号', 'ID');
INSERT INTO "BING"."GDMS_LANG" VALUES ('account', 'CN', '确认密码', '确认密码');
INSERT INTO "BING"."GDMS_LANG" VALUES ('account', 'EN', '确认密码', 'Confirm Password');
INSERT INTO "BING"."GDMS_LANG" VALUES ('account', 'CN', '暂未开放', '暂未开放');
INSERT INTO "BING"."GDMS_LANG" VALUES ('account', 'EN', '暂未开放', 'Not Open');
INSERT INTO "BING"."GDMS_LANG" VALUES ('index', 'CN', '设备管理系统', '设备管理系统');
INSERT INTO "BING"."GDMS_LANG" VALUES ('index', 'EN', '设备管理系统', 'GDMS');
INSERT INTO "BING"."GDMS_LANG" VALUES ('index', 'EN', '搜索', 'Search...');
INSERT INTO "BING"."GDMS_LANG" VALUES ('index', 'CN', '主页', '主页');
INSERT INTO "BING"."GDMS_LANG" VALUES ('index', 'CN', '搜索', '搜索...');
INSERT INTO "BING"."GDMS_LANG" VALUES ('index', 'EN', '主页', 'Home');
INSERT INTO "BING"."GDMS_LANG" VALUES ('index', 'CN', '控制台', '控制台');
INSERT INTO "BING"."GDMS_LANG" VALUES ('index', 'EN', '控制台', 'Dashboard');
INSERT INTO "BING"."GDMS_LANG" VALUES ('index', 'CN', '设备管理', '设备管理');
INSERT INTO "BING"."GDMS_LANG" VALUES ('index', 'EN', '设备管理', 'Management');
INSERT INTO "BING"."GDMS_LANG" VALUES ('index', 'CN', '设备图表', '设备图表');
INSERT INTO "BING"."GDMS_LANG" VALUES ('index', 'EN', '设备图表', 'Charts');
INSERT INTO "BING"."GDMS_LANG" VALUES ('index', 'CN', '设备监控', '设备监控');
INSERT INTO "BING"."GDMS_LANG" VALUES ('index', 'EN', '设备监控', 'Monitoring');
INSERT INTO "BING"."GDMS_LANG" VALUES ('index', 'CN', '系统管理', '系统管理');
INSERT INTO "BING"."GDMS_LANG" VALUES ('index', 'EN', '系统管理', 'System');

-- ----------------------------
-- Table structure for GDMS_PROJECT
-- ----------------------------
DROP TABLE "BING"."GDMS_PROJECT";
CREATE TABLE "BING"."GDMS_PROJECT" (
"ID" NUMBER NOT NULL ,
"NAME" VARCHAR2(50 BYTE) NULL ,
"DETAIL" VARCHAR2(500 BYTE) NULL ,
"YEAR" VARCHAR2(4 BYTE) NULL 
)
LOGGING
NOCOMPRESS
NOCACHE

;
COMMENT ON TABLE "BING"."GDMS_PROJECT" IS '项目表';

-- ----------------------------
-- Records of GDMS_PROJECT
-- ----------------------------
INSERT INTO "BING"."GDMS_PROJECT" VALUES ('1', 'MES改造', '一工厂MES改造项目', '2014');

-- ----------------------------
-- Table structure for GDMS_SITE
-- ----------------------------
DROP TABLE "BING"."GDMS_SITE";
CREATE TABLE "BING"."GDMS_SITE" (
"ID" NUMBER NOT NULL ,
"PARENT_ID" NUMBER NOT NULL ,
"SYSTEM_ID" NUMBER NOT NULL ,
"NAME" VARCHAR2(50 BYTE) NOT NULL ,
"REMARK" VARCHAR2(200 BYTE) NULL ,
"USER_ID" NUMBER NULL ,
"EDIT_DATE" DATE NULL 
)
LOGGING
NOCOMPRESS
NOCACHE

;
COMMENT ON TABLE "BING"."GDMS_SITE" IS '地点表 (系统ID)';

-- ----------------------------
-- Records of GDMS_SITE
-- ----------------------------
INSERT INTO "BING"."GDMS_SITE" VALUES ('1', '0', '1', '车身1车间', '1工厂车身1车间', '1209435', TO_DATE('2018-06-28 14:44:49', 'YYYY-MM-DD HH24:MI:SS'));
INSERT INTO "BING"."GDMS_SITE" VALUES ('2', '0', '1', '车身2车间', '1工厂车身2车间', '1209435', TO_DATE('2018-06-28 14:46:01', 'YYYY-MM-DD HH24:MI:SS'));

-- ----------------------------
-- Table structure for GDMS_STN_MAIN
-- ----------------------------
DROP TABLE "BING"."GDMS_STN_MAIN";
CREATE TABLE "BING"."GDMS_STN_MAIN" (
"ID" NUMBER NOT NULL ,
"SITE_ID" NUMBER NULL ,
"NAME" VARCHAR2(50 BYTE) NOT NULL ,
"DETAIL" VARCHAR2(100 BYTE) NULL ,
"REMARK" VARCHAR2(200 BYTE) NULL ,
"STATUS" CHAR(1 BYTE) NULL ,
"USER_ID" NUMBER NULL ,
"EDIT_DATE" DATE NULL 
)
LOGGING
NOCOMPRESS
NOCACHE

;
COMMENT ON TABLE "BING"."GDMS_STN_MAIN" IS '位置主表 (地点ID)';

-- ----------------------------
-- Records of GDMS_STN_MAIN
-- ----------------------------
INSERT INTO "BING"."GDMS_STN_MAIN" VALUES ('1', '1', '421LH', 'WBT工位', '无', '1', '1209435', TO_DATE('2018-06-28 14:58:12', 'YYYY-MM-DD HH24:MI:SS'));
INSERT INTO "BING"."GDMS_STN_MAIN" VALUES ('2', '1', '421RH', 'WBT工位', '无', '1', '1209435', TO_DATE('2018-06-28 14:58:38', 'YYYY-MM-DD HH24:MI:SS'));

-- ----------------------------
-- Table structure for GDMS_STN_MORE
-- ----------------------------
DROP TABLE "BING"."GDMS_STN_MORE";
CREATE TABLE "BING"."GDMS_STN_MORE" (
"STN_ID" NUMBER NOT NULL ,
"ITEM" VARCHAR2(50 BYTE) NOT NULL ,
"VALUE" VARCHAR2(100 BYTE) NULL 
)
LOGGING
NOCOMPRESS
NOCACHE

;
COMMENT ON TABLE "BING"."GDMS_STN_MORE" IS '位置副表 (位置ID)';

-- ----------------------------
-- Records of GDMS_STN_MORE
-- ----------------------------
INSERT INTO "BING"."GDMS_STN_MORE" VALUES ('1', 'IP', '10.37.81.100');
INSERT INTO "BING"."GDMS_STN_MORE" VALUES ('2', 'IP', '10.37.81.101');

-- ----------------------------
-- Table structure for GDMS_STYLE
-- ----------------------------
DROP TABLE "BING"."GDMS_STYLE";
CREATE TABLE "BING"."GDMS_STYLE" (
"ID" NUMBER NOT NULL ,
"NAME" VARCHAR2(50 BYTE) NULL ,
"DETAIL" VARCHAR2(1000 BYTE) NULL ,
"FILE_URL" VARCHAR2(100 BYTE) NULL ,
"FILE_TYPE" VARCHAR2(10 BYTE) NULL ,
"USER_ID" NUMBER NULL ,
"EDIT_DATE" DATE NULL ,
"TYPE_ID" NUMBER NULL 
)
LOGGING
NOCOMPRESS
NOCACHE

;
COMMENT ON TABLE "BING"."GDMS_STYLE" IS '式样表 (类型ID)';

-- ----------------------------
-- Records of GDMS_STYLE
-- ----------------------------
INSERT INTO "BING"."GDMS_STYLE" VALUES ('1', 'IPC-610MB', '研华工控机', null, null, '1209435', TO_DATE('2018-06-28 14:06:15', 'YYYY-MM-DD HH24:MI:SS'), '1');
INSERT INTO "BING"."GDMS_STYLE" VALUES ('2', 'P7003', '普印力P7003打印机', null, null, '1209435', TO_DATE('2018-06-28 14:07:45', 'YYYY-MM-DD HH24:MI:SS'), '2');
INSERT INTO "BING"."GDMS_STYLE" VALUES ('3', 'P8003', '普印力P8003打印机', null, null, '1209435', TO_DATE('2018-06-28 14:08:06', 'YYYY-MM-DD HH24:MI:SS'), '2');

-- ----------------------------
-- Table structure for GDMS_SYSTEM
-- ----------------------------
DROP TABLE "BING"."GDMS_SYSTEM";
CREATE TABLE "BING"."GDMS_SYSTEM" (
"NAME" VARCHAR2(50 BYTE) NOT NULL ,
"ID" NUMBER NOT NULL ,
"REMARK" VARCHAR2(200 BYTE) NULL ,
"USER_ID" NUMBER NULL ,
"EDIT_DATE" DATE NULL 
)
LOGGING
NOCOMPRESS
NOCACHE

;
COMMENT ON TABLE "BING"."GDMS_SYSTEM" IS '系统表';

-- ----------------------------
-- Records of GDMS_SYSTEM
-- ----------------------------
INSERT INTO "BING"."GDMS_SYSTEM" VALUES ('MES1', '1', '北京现代一工厂MES系统', '1209435', TO_DATE('2018-06-28 14:01:38', 'YYYY-MM-DD HH24:MI:SS'));
INSERT INTO "BING"."GDMS_SYSTEM" VALUES ('MES3', '3', '北京现代二工厂MES系统', '1209435', TO_DATE('2018-06-28 14:02:08', 'YYYY-MM-DD HH24:MI:SS'));
INSERT INTO "BING"."GDMS_SYSTEM" VALUES ('MES4', '4', '北京现代三工厂MES系统', '1209435', TO_DATE('2018-06-28 14:02:11', 'YYYY-MM-DD HH24:MI:SS'));
INSERT INTO "BING"."GDMS_SYSTEM" VALUES ('MES5', '5', '北京现代四工厂MES系统', '1209435', TO_DATE('2018-06-28 14:02:13', 'YYYY-MM-DD HH24:MI:SS'));
INSERT INTO "BING"."GDMS_SYSTEM" VALUES ('MES2', '2', '北京现代五工厂MES系统', '1209435', TO_DATE('2018-06-28 14:02:15', 'YYYY-MM-DD HH24:MI:SS'));

-- ----------------------------
-- Table structure for GDMS_TYPE
-- ----------------------------
DROP TABLE "BING"."GDMS_TYPE";
CREATE TABLE "BING"."GDMS_TYPE" (
"ID" NUMBER NOT NULL ,
"SYSTEM_ID" NUMBER NULL ,
"NAME" VARCHAR2(50 BYTE) NULL ,
"USER_ID" NUMBER NULL ,
"EDIT_DATE" DATE NULL 
)
LOGGING
NOCOMPRESS
NOCACHE

;
COMMENT ON TABLE "BING"."GDMS_TYPE" IS '类型表 (系统ID)';

-- ----------------------------
-- Records of GDMS_TYPE
-- ----------------------------
INSERT INTO "BING"."GDMS_TYPE" VALUES ('1', '1', '工控机', '1209435', TO_DATE('2018-06-28 14:04:50', 'YYYY-MM-DD HH24:MI:SS'));
INSERT INTO "BING"."GDMS_TYPE" VALUES ('2', '1', '序列打印机', '1209435', TO_DATE('2018-06-28 14:05:27', 'YYYY-MM-DD HH24:MI:SS'));

-- ----------------------------
-- Table structure for GDMS_USER
-- ----------------------------
DROP TABLE "BING"."GDMS_USER";
CREATE TABLE "BING"."GDMS_USER" (
"USER_ID" NVARCHAR2(50) NOT NULL ,
"USER_NAME" NVARCHAR2(50) NOT NULL ,
"PASS" NVARCHAR2(50) NOT NULL ,
"USER_TYPE" NUMBER(1) NOT NULL ,
"FAILED_LOGINS" NUMBER(5) NOT NULL ,
"LAST_IP" NVARCHAR2(15) NULL ,
"EMAIL" NVARCHAR2(50) NULL ,
"LAST_LOGIN" DATE NULL ,
"JOIN_DATE" DATE NULL 
)
LOGGING
NOCOMPRESS
NOCACHE

;
COMMENT ON TABLE "BING"."GDMS_USER" IS '用户表';

-- ----------------------------
-- Records of GDMS_USER
-- ----------------------------
INSERT INTO "BING"."GDMS_USER" VALUES ('bing', '炳', '487B9F81822B117FFEFE4DE1A38B1B27', '2', '0', '127.0.0.1', '9061@163.com', TO_DATE('2018-06-28 12:37:06', 'YYYY-MM-DD HH24:MI:SS'), null);
INSERT INTO "BING"."GDMS_USER" VALUES ('0709072', '张鹏', '6B3D50DC75A37C8BB99CD6FF9A37ADC3', '2', '0', null, 'zhangp@bhmc.com.cn', null, null);
INSERT INTO "BING"."GDMS_USER" VALUES ('1209435', '王炳哲', '8D356875F46F994236A16DC463D6C7F', '2', '0', '127.0.0.1', '9061@163.com', TO_DATE('2018-06-27 12:11:32', 'YYYY-MM-DD HH24:MI:SS'), null);
INSERT INTO "BING"."GDMS_USER" VALUES ('1107261', '何文超', 'D0E8485A920539CC6FE6FF16CCD2AE', '1', '0', null, 'hewc@bhmc.com.cn', null, null);
INSERT INTO "BING"."GDMS_USER" VALUES ('71609001', '全勇翰', 'F1CBC1FFEBEBFE88D42FA856F146BBF', '1', '0', null, 'quanyonghan@bhmc.com.cn', null, null);
INSERT INTO "BING"."GDMS_USER" VALUES ('0806039', '刘晓峥', 'C7BEB97AB1E0CC67ACFF8B33196ACB4', '1', '0', null, 'liuxz@bhmc.com.cn', null, null);
INSERT INTO "BING"."GDMS_USER" VALUES ('1207376', '夏玥', '1A6F3732A92CE498701B16A4C4AFE71A', '1', '0', null, 'xiay@bhmc.com.cn', null, null);
INSERT INTO "BING"."GDMS_USER" VALUES ('0210119', '孙柏林', '7BE7E8EA32805F844E36E99375B5988F', '1', '0', null, 'sunbl@bhmc.com.cn', null, null);
INSERT INTO "BING"."GDMS_USER" VALUES ('0908391', '季超', 'BF3BBB67362C5212DF2CAE16A434E88', '1', '0', null, 'jic1@bhmc.com.cn', null, null);
INSERT INTO "BING"."GDMS_USER" VALUES ('71609002', '尹振武', '2C535619721E53182D3AE57F759CEA5', '1', '0', null, 'yinzw@bhmc.com.cn', null, null);
INSERT INTO "BING"."GDMS_USER" VALUES ('71710001', '张志刚', '540F87822D49E97D58374B49F586281', '1', '0', null, 'zhangzg@bhmc.com.cn', null, null);
INSERT INTO "BING"."GDMS_USER" VALUES ('0508400', '张磊', 'FFF72E59C4394AC438DA78EAB9591C46', '1', '0', null, 'zhangl18@bhmc.com.cn', null, null);
INSERT INTO "BING"."GDMS_USER" VALUES ('1307597', '张荣', '671991E12F1BDF3653FDFA9A7F46B4B9', '1', '0', null, 'zhangr3@bhmc.com.cn', null, null);
INSERT INTO "BING"."GDMS_USER" VALUES ('0708150', '张超', '7DD2B28F3930AEAAEB6748688C95919', '1', '0', null, 'zhangc3@bhmc.com.cn', null, null);
INSERT INTO "BING"."GDMS_USER" VALUES ('1107028', '彭凯', 'F3637F1C8AB04F3C835537E114086D4', '1', '0', null, 'pengk@bhmc.com.cn', null, null);
INSERT INTO "BING"."GDMS_USER" VALUES ('71501003', '李昂', '2AAEC915E82C9DB1ED872E46CCE8B5FF', '1', '0', null, 'liang@bhmc.com.cn', null, null);
INSERT INTO "BING"."GDMS_USER" VALUES ('0608215', '李阳', 'EF43FE448B2935568FC1113FCA74DE89', '1', '0', null, 'liy3@bhmc.com.cn', null, null);
INSERT INTO "BING"."GDMS_USER" VALUES ('71610005', '柯勇', 'D8537975B6A32BAF74F7E461C8EB83E', '1', '0', null, 'key@bhmc.com.cn', null, null);
INSERT INTO "BING"."GDMS_USER" VALUES ('71710003', '段树吉', 'AA7DE03946ABD36934BB228851BB88', '1', '0', null, 'duansj@bhmc.com.cn', null, null);
INSERT INTO "BING"."GDMS_USER" VALUES ('0309441', '王卫军', 'EADC72D2A4A1523DFFE7E89A51265A88', '1', '0', null, 'wangwj@bhmc.com.cn', null, null);
INSERT INTO "BING"."GDMS_USER" VALUES ('0806047', '王立', '3C9AA6AC762AAA91DD52BAD199723F1', '1', '0', null, 'wangl5@bhmc.com.cn', null, null);
INSERT INTO "BING"."GDMS_USER" VALUES ('71504001', '赵旭', 'D7A7736534CE55F87A6254453AAB9D5', '1', '0', null, 'zhaox@bhmc.com.cn', null, null);
INSERT INTO "BING"."GDMS_USER" VALUES ('0708146', '赵洋', '831F26771D409F5D182B9ABDC35A91F', '1', '0', null, 'zhaoy6@bhmc.com.cn', null, null);
INSERT INTO "BING"."GDMS_USER" VALUES ('1304004', '赵爽', 'CF576FD8CB4F9CE3EF7C1A5696289EF', '1', '0', null, 'zhaos2@bhmc.com.cn', null, null);
INSERT INTO "BING"."GDMS_USER" VALUES ('5003315', '金泳鎬', 'BEADE4271596B5AA8B3EA6B8E0AFC4E3', '1', '0', null, 'jinyh3@bhmc.com.cn', null, null);

-- ----------------------------
-- Table structure for GDMS_USER_SYSTEM
-- ----------------------------
DROP TABLE "BING"."GDMS_USER_SYSTEM";
CREATE TABLE "BING"."GDMS_USER_SYSTEM" (
"USER_ID" VARCHAR2(20 BYTE) NOT NULL ,
"SYSTEM_ID" NUMBER NOT NULL 
)
LOGGING
NOCOMPRESS
NOCACHE

;
COMMENT ON TABLE "BING"."GDMS_USER_SYSTEM" IS '匹配 (用户ID - 系统ID)';

-- ----------------------------
-- Records of GDMS_USER_SYSTEM
-- ----------------------------
INSERT INTO "BING"."GDMS_USER_SYSTEM" VALUES ('1209435', '1');
INSERT INTO "BING"."GDMS_USER_SYSTEM" VALUES ('1209435', '2');

-- ----------------------------
-- Table structure for TXL_GUID_QUANXIAN
-- ----------------------------
DROP TABLE "BING"."TXL_GUID_QUANXIAN";
CREATE TABLE "BING"."TXL_GUID_QUANXIAN" (
"GUID" CHAR(36 BYTE) NOT NULL ,
"USER_ID" NVARCHAR2(50) NULL ,
"QUAN_XIAN" NUMBER NULL ,
"ZU_ID" NVARCHAR2(50) NULL 
)
LOGGING
NOCOMPRESS
NOCACHE

;

-- ----------------------------
-- Records of TXL_GUID_QUANXIAN
-- ----------------------------
INSERT INTO "BING"."TXL_GUID_QUANXIAN" VALUES ('273CE81A-0B25-44B1-8C04-67C5978D71FD', '1209435', '1', '1');
INSERT INTO "BING"."TXL_GUID_QUANXIAN" VALUES ('A0117ED4-EF33-4413-9B7C-B04F1C126A6A', '1209435', '1', '1');
INSERT INTO "BING"."TXL_GUID_QUANXIAN" VALUES ('8A8BB223-1D7A-4E54-89DC-8270CC0FB004', '1209435', '1', '1');
INSERT INTO "BING"."TXL_GUID_QUANXIAN" VALUES ('1E459357-C8D7-4E75-BE53-B7F926EA2CD1', '1209435', '1', '1');
INSERT INTO "BING"."TXL_GUID_QUANXIAN" VALUES ('0E3ED3F5-5FF2-4302-B7A5-8CA5F52F65F1', '1209435', '1', '1');
INSERT INTO "BING"."TXL_GUID_QUANXIAN" VALUES ('0E06D727-DB16-46F6-BD45-97907C86123B', '1209435', '1', '1');
INSERT INTO "BING"."TXL_GUID_QUANXIAN" VALUES ('5CBB2EE9-85CA-45F1-8F61-E2680490B661', '1209435', '1', '1');
INSERT INTO "BING"."TXL_GUID_QUANXIAN" VALUES ('F4205928-8094-401E-81BE-883AEE70200A', '1209435', '1', '1');
INSERT INTO "BING"."TXL_GUID_QUANXIAN" VALUES ('18CB52FC-2653-4C44-89BE-4E720B1252FE', '1209435', '1', '1');
INSERT INTO "BING"."TXL_GUID_QUANXIAN" VALUES ('B068224D-0D62-48FA-9814-89D0D93868FD', '1209435', '1', '1');
INSERT INTO "BING"."TXL_GUID_QUANXIAN" VALUES ('5197590A-D46C-4D9A-9C20-51AD81A19869', '1209435', '1', '1');
INSERT INTO "BING"."TXL_GUID_QUANXIAN" VALUES ('95F803AB-6BEA-4AC1-A701-58D992A632B3', '1209435', '1', '1');
INSERT INTO "BING"."TXL_GUID_QUANXIAN" VALUES ('42E16C25-97AF-4EE0-A2D4-45A7E0842455', '1209435', '1', '1');
INSERT INTO "BING"."TXL_GUID_QUANXIAN" VALUES ('46810891-65D7-4F69-A7F5-204116C33AB9', '1209435', '1', '1');
INSERT INTO "BING"."TXL_GUID_QUANXIAN" VALUES ('16396BE9-7EB1-4FEC-9EE2-160974D65EA1', '1209435', '1', '1');
INSERT INTO "BING"."TXL_GUID_QUANXIAN" VALUES ('5DA4935D-408C-4BDE-9930-475154C05CCD', '1209435', '1', '1');
INSERT INTO "BING"."TXL_GUID_QUANXIAN" VALUES ('0BB23749-FBC7-416B-9DD4-3110BF6B58BF', '1209435', '1', '1');
INSERT INTO "BING"."TXL_GUID_QUANXIAN" VALUES ('E64B0F48-EC7F-4448-8E98-9C8902A2B36C', '1209435', '1', '1');
INSERT INTO "BING"."TXL_GUID_QUANXIAN" VALUES ('9AA40E82-F802-43AF-A580-ECE5F088A84A', '1209435', '1', '1');
INSERT INTO "BING"."TXL_GUID_QUANXIAN" VALUES ('73B1C454-0A99-4434-9701-ADE6AA64986F', '1209435', '1', '1');
INSERT INTO "BING"."TXL_GUID_QUANXIAN" VALUES ('2A888786-6F6A-4C34-BAA6-4834457A3FE1', '1209435', '1', '1');
INSERT INTO "BING"."TXL_GUID_QUANXIAN" VALUES ('055256A7-C8E5-4C1E-BED1-75307AC1A917', '1209435', '1', '1');
INSERT INTO "BING"."TXL_GUID_QUANXIAN" VALUES ('3D52E94D-8126-4A6E-A403-727C0C177BE0', '1209435', '1', '1');
INSERT INTO "BING"."TXL_GUID_QUANXIAN" VALUES ('3CE21A86-F037-48DE-B6D4-3F8DCF66E13A', '1209435', '1', '1');
INSERT INTO "BING"."TXL_GUID_QUANXIAN" VALUES ('4B60FF71-B594-41AB-A008-7DB331F9166E', '1209435', '1', '1');
INSERT INTO "BING"."TXL_GUID_QUANXIAN" VALUES ('0390276C-562B-4C07-9912-629D8192D5FD', '1209435', '1', '1');
INSERT INTO "BING"."TXL_GUID_QUANXIAN" VALUES ('A6EE1591-E7D4-4B67-80E4-CAB31167E9EB', '1209435', '1', '1');
INSERT INTO "BING"."TXL_GUID_QUANXIAN" VALUES ('AA94352A-031C-4008-B569-08A412137F22', '1209435', '1', '1');
INSERT INTO "BING"."TXL_GUID_QUANXIAN" VALUES ('0A68163F-0AD3-4D04-A399-123E42425FED', '1209435', '1', '1');
INSERT INTO "BING"."TXL_GUID_QUANXIAN" VALUES ('AC069D40-0F05-4242-B0D9-4F38B3610413', '1209435', '1', '1001');
INSERT INTO "BING"."TXL_GUID_QUANXIAN" VALUES ('6E42ED72-A48A-4951-B3F4-E261E4DEB965', '1209435', '1', '1001');
INSERT INTO "BING"."TXL_GUID_QUANXIAN" VALUES ('67F2575B-6188-4A78-A19C-17DF6D2F6C1E', '1209435', '1', '1001');
INSERT INTO "BING"."TXL_GUID_QUANXIAN" VALUES ('BFADB548-9C5D-4590-B84F-230DBF837CBA', '1209435', '1', '1');
INSERT INTO "BING"."TXL_GUID_QUANXIAN" VALUES ('0A9C56C5-9647-4869-B0D0-FD7D4461F580', '1209435', '1', '1001001');
INSERT INTO "BING"."TXL_GUID_QUANXIAN" VALUES ('730B8148-DF7C-450A-9E38-EB2411D0FEAE', '1209435', '1', '1');
INSERT INTO "BING"."TXL_GUID_QUANXIAN" VALUES ('7B528F6F-B08B-4884-84E3-A0BD1551D82D', '1209435', '1', '1');

-- ----------------------------
-- Table structure for TXL_JICHUSHUJU
-- ----------------------------
DROP TABLE "BING"."TXL_JICHUSHUJU";
CREATE TABLE "BING"."TXL_JICHUSHUJU" (
"GUID" CHAR(36 CHAR) NOT NULL ,
"XING_MING" NVARCHAR2(50) NOT NULL ,
"XIANG_MU" NVARCHAR2(100) NOT NULL ,
"NEI_RONG" NVARCHAR2(500) NOT NULL 
)
LOGGING
NOCOMPRESS
NOCACHE

;

-- ----------------------------
-- Records of TXL_JICHUSHUJU
-- ----------------------------
INSERT INTO "BING"."TXL_JICHUSHUJU" VALUES ('0E3ED3F5-5FF2-4302-B7A5-8CA5F52F65F1', '李昂', '公司', 'PAlMpINhKpAAIYeAEqWUAbnQ3FkG/pLI0SPQp0ikM2tFZJBmFdvfiXjEbLnXze43CjyUvHsEEt/hy9UkiFHh3A==');
INSERT INTO "BING"."TXL_JICHUSHUJU" VALUES ('0E3ED3F5-5FF2-4302-B7A5-8CA5F52F65F1', '李昂', '手机', 'jAAm353G/+zVQ3K19VVWhou8copyAzyCF3v5KPiwcpE3LgQSfQctKamVHW+5OpOp+iMDhpd7mZntHOCIUBPpGg==');
INSERT INTO "BING"."TXL_JICHUSHUJU" VALUES ('0E3ED3F5-5FF2-4302-B7A5-8CA5F52F65F1', '李昂', '座机', 'c9/QVO12vFuVFoql/Cs136WhDlPVfg3F5Xc2t+mSPqoKxPCPoamYMKr5k5COaKwUpALsREch88/xO5XUQ3vkiQ==');
INSERT INTO "BING"."TXL_JICHUSHUJU" VALUES ('0E3ED3F5-5FF2-4302-B7A5-8CA5F52F65F1', '李昂', '邮箱', 'VyGnp9REmMAGTlNGHlhNmg9/KLiTFk2hZMDJCtV0NWlcY+TwUur1qxzp4CbnDJ7HM8D+ix1Nn1jH+9TdIxWq0w==');
INSERT INTO "BING"."TXL_JICHUSHUJU" VALUES ('0E3ED3F5-5FF2-4302-B7A5-8CA5F52F65F1', '李昂', '备注', 'L6EYpaNFSdnZCHbC8Hm864oFNn8BEkvDX18Hkx7jRwAu8cpyO3MKla6vWa0Xd+92DG137KYxQ/RcUcyH0s+Z/w==');
INSERT INTO "BING"."TXL_JICHUSHUJU" VALUES ('0E3ED3F5-5FF2-4302-B7A5-8CA5F52F65F1', '李昂', '性别', 'e699VAnE9zZaPVrHojGWf+mJEzqZONBtChhEBWZoppsW2oCbQujdMLe+KP12fpD3tezMBi5hG7bj4OACgXEQcw==');
INSERT INTO "BING"."TXL_JICHUSHUJU" VALUES ('0E3ED3F5-5FF2-4302-B7A5-8CA5F52F65F1', '李昂', '员工号', 'Hg5GilSiLQSPdVYjl0ovZOQaF+5+wsoAQgHB33M+FDOuEHNnDg/W6oTvLbUuRjHvUhzYunfaM524d10sPxl2jw==');
INSERT INTO "BING"."TXL_JICHUSHUJU" VALUES ('0E3ED3F5-5FF2-4302-B7A5-8CA5F52F65F1', '李昂', '紧急联系人', 'j9m940d8Es8E0bIp593vu5pIAceTkoaLGbl0poUeQMjU81jpnLbmL/fhR90XmrqmpdItqCnUUKWbe555cb4nTw==');
INSERT INTO "BING"."TXL_JICHUSHUJU" VALUES ('5CBB2EE9-85CA-45F1-8F61-E2680490B661', '王卫军', '拼音', 'kKvVbMUx4p0gOFVsYUlULv18l7oiGMIfilrNG4IvuZkGfxuQ/ul7Gu+n1fxslZT/Tv8Q/8jcwzkIFmawDYnDTw==');
INSERT INTO "BING"."TXL_JICHUSHUJU" VALUES ('5CBB2EE9-85CA-45F1-8F61-E2680490B661', '王卫军', '公司', 'L3BHS0dl7Lt6EQJFJgsPL39NND1bgCzUZmiIz8H89xc8SsSmHdxWTobWPwTwDxlH/s9d451A+DyRC3CJXYYdtg==');
INSERT INTO "BING"."TXL_JICHUSHUJU" VALUES ('5CBB2EE9-85CA-45F1-8F61-E2680490B661', '王卫军', '手机', 'lMar/hJa4Zi77l0eTmuFZ40kODffzJoyideOSqo67UmLY4YEwr9abgIV2WF8ETI2OLnSXBwoMUISQ2Z4EFM1hA==');
INSERT INTO "BING"."TXL_JICHUSHUJU" VALUES ('5CBB2EE9-85CA-45F1-8F61-E2680490B661', '王卫军', '座机', 'hSoDqojINUvO0mfZpB85lP76TbTMEoahx8dtt48/HP2Xs62sV1gT+tnWz3bcDNJo5uOXwSfXBStINvflB5ybiA==');
INSERT INTO "BING"."TXL_JICHUSHUJU" VALUES ('5CBB2EE9-85CA-45F1-8F61-E2680490B661', '王卫军', '邮箱', 'XMDX52yrRnj+oeLsp34pXJbOTn5LERIeDdTu0EmwY3476RkjiPrAbBph2MwDP7G3O50G91wGeO+SE2/l3zhYlA==');
INSERT INTO "BING"."TXL_JICHUSHUJU" VALUES ('5CBB2EE9-85CA-45F1-8F61-E2680490B661', '王卫军', '备注', 'ictfZj+es8QSgvOa0BlmRrBoZqHhcxBDwDVoicqAXu+UCtaObSRGO5ssZ6XB+IEa1r36A4CPukEV/ZLUM6EqEQ==');
INSERT INTO "BING"."TXL_JICHUSHUJU" VALUES ('5CBB2EE9-85CA-45F1-8F61-E2680490B661', '王卫军', '性别', 'E30/mBKRJmQWSzFBguy8MKIma6046r9rnpNpQDlMM+c65nwiWlABBg1wK+uNPPMvxzXYYgS1GR2wwgA9lOhMJg==');
INSERT INTO "BING"."TXL_JICHUSHUJU" VALUES ('5CBB2EE9-85CA-45F1-8F61-E2680490B661', '王卫军', '员工号', 'TY/236I6ypn9sjp7wOuvweveeargN2qcwx00yNATJPRsltImtOO7CBz0iISpX4+rnFoEmz4P6330KwNPDNvUNA==');
INSERT INTO "BING"."TXL_JICHUSHUJU" VALUES ('5CBB2EE9-85CA-45F1-8F61-E2680490B661', '王卫军', '紧急联系人', 'dAgy5NND/wbQxacPAp0h5m/R4QGILxep7beFYh+3zATg3Fqxz3U1WYSdo0IXUnRRNOSwNF5epBigPqy93EV8CQ==');
INSERT INTO "BING"."TXL_JICHUSHUJU" VALUES ('273CE81A-0B25-44B1-8C04-67C5978D71FD', '金泳鎬', '拼音', 'RODCZcUyWqKVm3c/7iTsbkPmkJZ6sSJkMLCNFfNf1FoRVlAF7ui8pEl4Q/18e+wRp3J11c7OI+/aX4t13Ob5og==');
INSERT INTO "BING"."TXL_JICHUSHUJU" VALUES ('273CE81A-0B25-44B1-8C04-67C5978D71FD', '金泳鎬', '公司', 'WA4XyyvyIDRmpKAP65hi1h/bzmsQDGpGcxqKc6LF2fSll3oLuPLls4h7leUeNS+YOq6pTOJCpxubC38sKrz6RQ==');
INSERT INTO "BING"."TXL_JICHUSHUJU" VALUES ('273CE81A-0B25-44B1-8C04-67C5978D71FD', '金泳鎬', '手机', 'VNC/dL0/yuy3YCJHgq9r5Jlq04ov66+3t156OfAYlGbDBIDA4bumpCxvDzAQV+x6yG+TDnGUOJK6P3D7+1Sdsg==');
INSERT INTO "BING"."TXL_JICHUSHUJU" VALUES ('273CE81A-0B25-44B1-8C04-67C5978D71FD', '金泳鎬', '座机', 'aISfgxO+9vBYqBvkNqxmoznWf07H2GqnoNq4nwoWBHZOfmqMJb2yAvV7jZSSRXg/PHCv+jzJ4YgUU5a1jGTF/A==');
INSERT INTO "BING"."TXL_JICHUSHUJU" VALUES ('273CE81A-0B25-44B1-8C04-67C5978D71FD', '金泳鎬', '邮箱', 'PkFXmf8wexifnPpsySIlULJCKueCRt9pnT7Y4IhEvMFX7ERaHcnqiOppqy79LEvfPT/gT4kG7FOMcTjSb097SQ==');
INSERT INTO "BING"."TXL_JICHUSHUJU" VALUES ('273CE81A-0B25-44B1-8C04-67C5978D71FD', '金泳鎬', '备注', 'MX1lWti5CpNgxjbLhNPA60HmoVVOIULsL6O8tm/bQ9RAFbmhqLUbFH2u0P9er+A0PQqcbDiUYVEd3IZQzT8b6Q==');
INSERT INTO "BING"."TXL_JICHUSHUJU" VALUES ('273CE81A-0B25-44B1-8C04-67C5978D71FD', '金泳鎬', '性别', 'OiKUDWkqB/mpF7vCIyWJTjDiv6/si4+bG82MtP/e7pD0R66qgt1YFn2J9vU/EIeQXp1L3jTYZMVQejCpchK3wQ==');
INSERT INTO "BING"."TXL_JICHUSHUJU" VALUES ('273CE81A-0B25-44B1-8C04-67C5978D71FD', '金泳鎬', '员工号', 'jEY8LEmtqvB9RtuV448zHpasQy4D/ZSPGvrL5O7b1RKUM3eLaX6ExoIbxO0nBdmr2VN1cA6P4IbCZyLAsBAYAw==');
INSERT INTO "BING"."TXL_JICHUSHUJU" VALUES ('273CE81A-0B25-44B1-8C04-67C5978D71FD', '金泳鎬', '英文名', 'CyXL0cv+AYxcxy+5DcEKOpATOt++kPqpcje1iFuWov9JEgYUP+Y4wi1ko2jsIG+L4hxWCNZqqC6JTB5LYEOoOA==');
INSERT INTO "BING"."TXL_JICHUSHUJU" VALUES ('273CE81A-0B25-44B1-8C04-67C5978D71FD', '金泳鎬', '职位', 'EnfSBjhqWurpAv44Cl+OBJb4C9E4TDcKlq2TCl4HraYxE6FhbHBVrBS+mzK+TQET6azEFo5AtEfRGa79OhxnKQ==');
INSERT INTO "BING"."TXL_JICHUSHUJU" VALUES ('273CE81A-0B25-44B1-8C04-67C5978D71FD', '金泳鎬', '国籍', 'PvRTnTbMSac8btawT0C9tTe8sh76YdxlWNEaM9qP7AdwV16UVJxEfawe9M5iISk4UJe5rARkPCNe7Qc8gVXZcg==');
INSERT INTO "BING"."TXL_JICHUSHUJU" VALUES ('273CE81A-0B25-44B1-8C04-67C5978D71FD', '金泳鎬', '紧急联系人', 'RuU7qETG2VXiRO+aR0u5LCF8R/IvadSOlfh6tM0UvliTGwyPGCQsTUnuDNFioVCQe2xubJuDLuQ5zScPuMOeRw==');
INSERT INTO "BING"."TXL_JICHUSHUJU" VALUES ('8A8BB223-1D7A-4E54-89DC-8270CC0FB004', '张鹏', '拼音', 'adKUleS7vYEWTM2k3obN0+oBFnHFrRLj4KoNmBJmUE6CjhQyHM0olXy13dA0zwCzCnQTFCubbfXw+XiudpTuug==');
INSERT INTO "BING"."TXL_JICHUSHUJU" VALUES ('8A8BB223-1D7A-4E54-89DC-8270CC0FB004', '张鹏', '公司', 'WhpK6japZnjlH8WXUhdGFYgVbVtOq96f3nrLwHfWLya0tfzMpLKHH/JZvBBS0jDBopNU0afuuaNphBB6pDEdTA==');
INSERT INTO "BING"."TXL_JICHUSHUJU" VALUES ('8A8BB223-1D7A-4E54-89DC-8270CC0FB004', '张鹏', '手机', 'c9Z1JJZ4J1XnaRe7Xw55s77iLczt1yA9LtqX3HEaWEC4A3qvWG91rvs9HM8K9iVTp+IpJ2zoobgaG4WSVCENhw==');
INSERT INTO "BING"."TXL_JICHUSHUJU" VALUES ('8A8BB223-1D7A-4E54-89DC-8270CC0FB004', '张鹏', '座机', 'H+C35mk6wvOIz5j3t5f6e0MN19Q2vdbkBlatuzGEPstnh3lqo2PwFwH2iMzZ5pI5/o+5Lwgre423bcPL7SbfRg==');
INSERT INTO "BING"."TXL_JICHUSHUJU" VALUES ('8A8BB223-1D7A-4E54-89DC-8270CC0FB004', '张鹏', '邮箱', 'F6DgV4S38f3ug9eVRfMBPOc8VQ8m67crlj/HbQHG8mhMKmPhQkVwtd5NWCkgs8mDudlv2el9mEcDzrg7W431hQ==');
INSERT INTO "BING"."TXL_JICHUSHUJU" VALUES ('8A8BB223-1D7A-4E54-89DC-8270CC0FB004', '张鹏', '备注', 'LVYu9WL7vlRrElwvRLIcCG0B1FxaH3U/0Hc5l0owqKPL8+vM4inLDUXurY3hFHDx73PZLw9e/1v9/Y75boiA9A==');
INSERT INTO "BING"."TXL_JICHUSHUJU" VALUES ('8A8BB223-1D7A-4E54-89DC-8270CC0FB004', '张鹏', '性别', 'J9GcnSpxsCvMbmCnXQDOuGkBknNCRVeM6L/n2oMzDwe+/a6mLKgPSv8iUD1UCxEbRuhNLpq5lNW8XkMfO/vz6w==');
INSERT INTO "BING"."TXL_JICHUSHUJU" VALUES ('8A8BB223-1D7A-4E54-89DC-8270CC0FB004', '张鹏', '员工号', 'QRVQFoxsemueazCwvLDYxUbSNqJMGUTYYWt9WfIHvFvmZUEGjNz/uHFQ7u31b16nh90WlYdOSdzRRReqrVK2HA==');
INSERT INTO "BING"."TXL_JICHUSHUJU" VALUES ('8A8BB223-1D7A-4E54-89DC-8270CC0FB004', '张鹏', '紧急联系人', 'EymzIZ1znDi8k0l1abF33h1PpX8uO4/py0PegFEQxaeSIZeYPREHvfPgtGNAytQ2etCVSkCbJEPzMI7qSw11Gg==');
INSERT INTO "BING"."TXL_JICHUSHUJU" VALUES ('3CE21A86-F037-48DE-B6D4-3F8DCF66E13A', '季超', '公司', 'OtC4wrxmRQa6YUjzPiY1ut1xPm4POwGqxP3KKkn7ovt41SllhU7rGnaQpLx4J3GfrbrZLLKwfhpb9A3K10l0lQ==');
INSERT INTO "BING"."TXL_JICHUSHUJU" VALUES ('3CE21A86-F037-48DE-B6D4-3F8DCF66E13A', '季超', '手机', 'P482frWfM6P2lcoMtqKYEQKpUg563JBYvmaktkBhEycOssj7sZep/px+1j6r8cYw5ATL79mkEUvgwpI/ZGus4A==');
INSERT INTO "BING"."TXL_JICHUSHUJU" VALUES ('3CE21A86-F037-48DE-B6D4-3F8DCF66E13A', '季超', '座机', 'TerWAhGPvWSNEYElt0ESYkkqPoOe97t//pQG5y81M4EOxP1xL1+twwjQwBvIPlL6CoVjaPuxBm87SRr8blD0qQ==');
INSERT INTO "BING"."TXL_JICHUSHUJU" VALUES ('3CE21A86-F037-48DE-B6D4-3F8DCF66E13A', '季超', '邮箱', 'Z+hyQsl7hOxDTpoi10GlA6/A44IrdNR5w+06Ix7tl3ZWA8w8dZwyYAZUAI7w8oUHbGQUjX/Jm72lbiZOjtAOAg==');
INSERT INTO "BING"."TXL_JICHUSHUJU" VALUES ('3CE21A86-F037-48DE-B6D4-3F8DCF66E13A', '季超', '备注', 'jJ0HMmBqZtEJj4c0TkJ8OFNZcDZBPGATHQy+VAZPoL3VTr4nj/Jix4e5eAEwG0DyO7Mu7MI4PfoLEpDLP4cCZw==');
INSERT INTO "BING"."TXL_JICHUSHUJU" VALUES ('3CE21A86-F037-48DE-B6D4-3F8DCF66E13A', '季超', '性别', 'L8l+UIrpmSdg6sjmQ2Rn8afDqNXt3rUgItRXJNeqMzxgYjl3qfGzaczpeNUOsppRJfHlFVoOnDd2vUxOuu1B6A==');
INSERT INTO "BING"."TXL_JICHUSHUJU" VALUES ('3CE21A86-F037-48DE-B6D4-3F8DCF66E13A', '季超', '员工号', 'EgJIRpg48QhHMDX7Y8MiTtbccfSISw7vT973HkXB3DSugJC6wc+6Y61e1fOmURseUkwzSDB4qIiwRxVB7EteJA==');
INSERT INTO "BING"."TXL_JICHUSHUJU" VALUES ('3CE21A86-F037-48DE-B6D4-3F8DCF66E13A', '季超', '紧急联系人', 'C2fHa86fDRyldZjZmZlUfA56XCBtNQ/XcIbZGlYUCvGSfrKq1+qjDNNEBH3G/+yHPJ5pKTD1cxDhWznqaCY2dg==');
INSERT INTO "BING"."TXL_JICHUSHUJU" VALUES ('18CB52FC-2653-4C44-89BE-4E720B1252FE', '尹振武', '拼音', 'BFQDlIB/9Nm4sVujtwLU4G/8z5EZToGB7fpXp8xy+Vvkgc6xdxTgCE2ZD0785zzR55LiTAMPkYTutHRtqbai/g==');
INSERT INTO "BING"."TXL_JICHUSHUJU" VALUES ('0E3ED3F5-5FF2-4302-B7A5-8CA5F52F65F1', '李昂', '拼音', 'UR8nbxZ5qmCghgpkJAPbu1fjiNmW5fPTUFWiSEAT+wkRlfJENpDlr5Il9zfIkdEojhcDzY2cmBTFM+dL7aTnKQ==');
INSERT INTO "BING"."TXL_JICHUSHUJU" VALUES ('730B8148-DF7C-450A-9E38-EB2411D0FEAE', '秦玉喜', '拼音', 'TuYUaBgYYotamAHX/qp9WNeN8TJ/XcsURuwohqakMzZaf8rpCMifgvdnn4LBngzmohqVAaYCyDSGI8n4ChZ4Ug==');
INSERT INTO "BING"."TXL_JICHUSHUJU" VALUES ('730B8148-DF7C-450A-9E38-EB2411D0FEAE', '秦玉喜', '公司', 'TJvvZEdfhuBddQd2E6zy0UoWXwVMHkeLMpUu7kkSuG078ux4GG4wuY6N+aJtOvNBlSC1/koSON0CGLvo2Pe2RA==');
INSERT INTO "BING"."TXL_JICHUSHUJU" VALUES ('730B8148-DF7C-450A-9E38-EB2411D0FEAE', '秦玉喜', '手机', 'csUh6AlsROZEvGBh2YLBGFGyxjGskXZAlKtJ61p+wZAyTZ2ZdlLVPEvCdmZW0oCim7g31suUFdYhtRzrg3yYQw==');
INSERT INTO "BING"."TXL_JICHUSHUJU" VALUES ('730B8148-DF7C-450A-9E38-EB2411D0FEAE', '秦玉喜', '座机', 'CyIvRdT1Ly7OwTszHKkP6+VLHqRIwJlj33kiliFe5ozuQHT1O8PaRV+bqRgSNlowYB1nSPGDZXSwvJ3Rek4nIA==');
INSERT INTO "BING"."TXL_JICHUSHUJU" VALUES ('730B8148-DF7C-450A-9E38-EB2411D0FEAE', '秦玉喜', '邮箱', 'VKEweWH03EFt/cM9vRYM1q51tK+DulvCXOMLlfGShA4uPnPATAW5vsBsyNghWsNALA/DZzl7CFH/lzIEnhaNGg==');
INSERT INTO "BING"."TXL_JICHUSHUJU" VALUES ('730B8148-DF7C-450A-9E38-EB2411D0FEAE', '秦玉喜', '备注', 'eKz+dOb//71pWEii/UEKdnieT9/duVsnVggGSg28SJKUF67W7sEI/6p3FpMTZ7uA432hca7+VojU7+e4a+LKsA==');
INSERT INTO "BING"."TXL_JICHUSHUJU" VALUES ('730B8148-DF7C-450A-9E38-EB2411D0FEAE', '秦玉喜', '性别', 'IGfJK/eC6qH5uWH6xKKwDmFzjuu9JWVldU0/z2Zmx+q5dy43VnGwrFcg0C5yLW9Dtb/vj2NFzvizTzEGkk5L5A==');
INSERT INTO "BING"."TXL_JICHUSHUJU" VALUES ('730B8148-DF7C-450A-9E38-EB2411D0FEAE', '秦玉喜', '员工号', 'G05FpcjZzJrAy7jLXosu13BLdKliHAfo5c8BUFqFFgF0N0agda6HXp1lbCSZWDY0/qBBdDD03nvGEsIiH/A7ww==');
INSERT INTO "BING"."TXL_JICHUSHUJU" VALUES ('A0117ED4-EF33-4413-9B7C-B04F1C126A6A', '李鸿远', '拼音', 'BtGA5MKYwFi+gqSzXUuIlqShcA1apfJqMRye85yibWTNrZ2FO/td8VzTZXlM45oJLRPSJG9CAOQtq5Wf4bJ8pA==');
INSERT INTO "BING"."TXL_JICHUSHUJU" VALUES ('A0117ED4-EF33-4413-9B7C-B04F1C126A6A', '李鸿远', '公司', 'BWp6tbPywwmZF8lGsOwJWvNVsLJpdRFE/ehBsxlcKl65nr2bizM4/alW6K780i1SPKU0WkawGOktgPgBVFPntw==');
INSERT INTO "BING"."TXL_JICHUSHUJU" VALUES ('A0117ED4-EF33-4413-9B7C-B04F1C126A6A', '李鸿远', '手机', 'g+29gK9MX9bHIGH5/IIS3+4tb5rK77R+wVLOrz6doyNNDxgRX0Pd5nY8jJXmRPtipsXcfyoWkq0j1AvtCupVzQ==');
INSERT INTO "BING"."TXL_JICHUSHUJU" VALUES ('A0117ED4-EF33-4413-9B7C-B04F1C126A6A', '李鸿远', '座机', 'fDo9KGsp0/qGcvt+7bus7X/3ospB6aUYo9Jm+leMrrLvxJy0al2wf7itr44H6QMr0gkaIqK8P0sddfB96NysGA==');
INSERT INTO "BING"."TXL_JICHUSHUJU" VALUES ('A0117ED4-EF33-4413-9B7C-B04F1C126A6A', '李鸿远', '邮箱', 'd9l8KkLe8u2W2om1wZ1+9XZO/Uej10EOxxxpYpKFLam5taGB2k4CwNd/qcHYxp8HRkirKuwIIihEPEqm2N3CIw==');
INSERT INTO "BING"."TXL_JICHUSHUJU" VALUES ('A0117ED4-EF33-4413-9B7C-B04F1C126A6A', '李鸿远', '备注', 'Nv6KYwiRBuD1WbZrdbGV9Dg1MBJNnvY5y4nEEhIKpUrdqwKZXv0SNUO1bPokI/vlc/dYZ7fS4KXh5J8IY0pgBw==');
INSERT INTO "BING"."TXL_JICHUSHUJU" VALUES ('A0117ED4-EF33-4413-9B7C-B04F1C126A6A', '李鸿远', '性别', 'Y4eoEMgeBxkbjzfWCDwU9/DU+ptLjhNS37G0s3NLvcdRcwg74uhpd4MUUgrAH7ELPPbyTlvBdqzxIy+iwVHs4g==');
INSERT INTO "BING"."TXL_JICHUSHUJU" VALUES ('A0117ED4-EF33-4413-9B7C-B04F1C126A6A', '李鸿远', '员工号', 'WtOnf2+Pf6GcL/ke4Sm8T8sS3xhf/rfTIUsY5bz6n7TEK0jqQQSVgF/RpY+vZUFNxBXOsWQ0wp9NZsrIIvZv4Q==');
INSERT INTO "BING"."TXL_JICHUSHUJU" VALUES ('0390276C-562B-4C07-9912-629D8192D5FD', '袁晓慧', '拼音', 'F6Tk3vRyz+pUdBgJwD5E8DqUSXgGAPgFLb/dNyJz7F9x9sC8nOyHwJ6EsR7ChK/6+hkQXLryi1Zrj/8ndYPBZg==');
INSERT INTO "BING"."TXL_JICHUSHUJU" VALUES ('0390276C-562B-4C07-9912-629D8192D5FD', '袁晓慧', '公司', 'PAqI+Hq20MlUkQvCXJFZUeVmhFlr690xVxneMHnFY2q8NtAeOuDMSj7KgquMGD33tCan34RLOonimihSoClfhQ==');
INSERT INTO "BING"."TXL_JICHUSHUJU" VALUES ('0390276C-562B-4C07-9912-629D8192D5FD', '袁晓慧', '手机', 'lBNbT+Qkb0UvLIex0rW2UK46wO41l6IcGJLaQHH0lnClqJMklM0pshOxKHyKVyAeEPA7P0KN/CwiKf/aStPQuQ==');
INSERT INTO "BING"."TXL_JICHUSHUJU" VALUES ('0390276C-562B-4C07-9912-629D8192D5FD', '袁晓慧', '座机', 'H3Vodcr4CLtvLPiGhZYuj/rAW11JWFf7WRFAImNFpeQjgPeYOd3/bBPKGBSRknV7smLKafSQj1B/z8G6XI7AdQ==');
INSERT INTO "BING"."TXL_JICHUSHUJU" VALUES ('0390276C-562B-4C07-9912-629D8192D5FD', '袁晓慧', '邮箱', 'W5rtKQtfuXM+7hnwCh5e9G+5ofuIMYPtuD7/NJCb8UjmR164TvMV71uCjIPu5RwUFhpi4HgBin5myb/53BSEYg==');
INSERT INTO "BING"."TXL_JICHUSHUJU" VALUES ('0390276C-562B-4C07-9912-629D8192D5FD', '袁晓慧', '备注', 'fyDS37Sdq9VcTY3ErL+CTxiNf0xroaXcma7NmkJS7A7YWGty6mK8osFjmrU8acNVEWePBm9e3QQHTBRvhU3axQ==');
INSERT INTO "BING"."TXL_JICHUSHUJU" VALUES ('0390276C-562B-4C07-9912-629D8192D5FD', '袁晓慧', '性别', 'gkRuLriROqUp5Qswt7sDFxnptx3YRb36pkeDphKhgffNPXq+I5V0/XYrqoGlX5oKV0TEOy33FaUCQU5dgmw3oA==');
INSERT INTO "BING"."TXL_JICHUSHUJU" VALUES ('0390276C-562B-4C07-9912-629D8192D5FD', '袁晓慧', '员工号', 'YnrsTYL5SzmkO19dUexmRgvb4VVkP/nbOdzRN/fmZR4sc8jkuJukIu73E5cHZA5TWkhWY9PiUBJM3Pi3En1h9Q==');
INSERT INTO "BING"."TXL_JICHUSHUJU" VALUES ('A6EE1591-E7D4-4B67-80E4-CAB31167E9EB', '刘中华', '拼音', 'HFQK8bAuD8DLu7jmqtjkOk3ZVVmg61GQ5eG09zkLLKx3VVLOZQQrfxcMllthydRzcuL1D2CJS8A1MI9H2V4RFQ==');
INSERT INTO "BING"."TXL_JICHUSHUJU" VALUES ('95F803AB-6BEA-4AC1-A701-58D992A632B3', '赵爽', '拼音', 'mF/Xf3an8oizHlVQwTUbHbzuXpdP4UI/zRAArRjwxVhn6nidDaMInj9GYLACAY/8w3FwcWp9aBIyuydsIi4rSw==');
INSERT INTO "BING"."TXL_JICHUSHUJU" VALUES ('95F803AB-6BEA-4AC1-A701-58D992A632B3', '赵爽', '公司', 'NGfoTkXb3NPlddaW3VI+Se+7eFs/foLOPASx4mK51mDzs6Fkb8P5eCfBpC5cnLU5t3d+pDGK/fdncLjjr3g49w==');
INSERT INTO "BING"."TXL_JICHUSHUJU" VALUES ('95F803AB-6BEA-4AC1-A701-58D992A632B3', '赵爽', '手机', 'H15GH5aWjFgpvZS0rlnD4upj2xzf2i4RIugSZ4P5CDqdtjGLaD7lRwPngU052IRBrnrJFhxedoDjTjIljbawGw==');
INSERT INTO "BING"."TXL_JICHUSHUJU" VALUES ('95F803AB-6BEA-4AC1-A701-58D992A632B3', '赵爽', '座机', 'JxjYDP8OHBZkbna0WpQkXUjD0tw/5Kvq5/n9B0e+kYmoufv+71USXnG9hr2ATlifWNXNgqVuzPLdZ8n3pmnZtg==');
INSERT INTO "BING"."TXL_JICHUSHUJU" VALUES ('95F803AB-6BEA-4AC1-A701-58D992A632B3', '赵爽', '邮箱', 'Vcpk9x2NsjLpmefEn6W2cG6dOH7DAXqAOX63cgQHuHa+Wg2MFIF11FCXlflHbC8S3Q0irR+49r/2HcMJolhYtA==');
INSERT INTO "BING"."TXL_JICHUSHUJU" VALUES ('95F803AB-6BEA-4AC1-A701-58D992A632B3', '赵爽', '备注', 'FYGBfBluXnMcn8a5sAFK/ticXWJLRbEyKJD2ohPLclqO0IgnT2q9pZvmu7jceY1BObtMb6yO9VKZYhtsIx+1oA==');
INSERT INTO "BING"."TXL_JICHUSHUJU" VALUES ('95F803AB-6BEA-4AC1-A701-58D992A632B3', '赵爽', '性别', 'FoJCmhdWPeh3TYflFpLKIKw5hCnk3saX+ByjhtYdEqEO+DR1ybXEcwjUz8zvgk9wKpQQPdPyErL2AYrptOZyTA==');
INSERT INTO "BING"."TXL_JICHUSHUJU" VALUES ('95F803AB-6BEA-4AC1-A701-58D992A632B3', '赵爽', '员工号', 'k+qpYUuTJPvCQCkEln13WAgJiG/v0vO6fSj+N7F453Oc6wof7rDTziI09zjdJZoTWoUARFWiAB7ucnX/eCbmTg==');
INSERT INTO "BING"."TXL_JICHUSHUJU" VALUES ('95F803AB-6BEA-4AC1-A701-58D992A632B3', '赵爽', '紧急联系人', 'bFT/HtqXL4iKhADTVN3Qh0fLW8Q1x2bDqreajLBNij/1whVbt4kGFwqiBFuijm+uFtVv6kBAR8INctnWFN6Jig==');
INSERT INTO "BING"."TXL_JICHUSHUJU" VALUES ('42E16C25-97AF-4EE0-A2D4-45A7E0842455', '张磊', '拼音', 'aPkRWm5bAL9Mjqe68FdBs0gBV6034xc+DI3z8NW2D0V8pJQ/nUGfmV7Csn/Rsg/UnaZNFYhLgcOKJNCBZepQKg==');
INSERT INTO "BING"."TXL_JICHUSHUJU" VALUES ('42E16C25-97AF-4EE0-A2D4-45A7E0842455', '张磊', '公司', 'imilRGz/mpcGmEsC3sWpylm7TExRdvnHzNh5CaNi7ulotLX+9p9tKnVzyHLMFSms3YZdme/1D2fGiOvcuW9tKw==');
INSERT INTO "BING"."TXL_JICHUSHUJU" VALUES ('42E16C25-97AF-4EE0-A2D4-45A7E0842455', '张磊', '手机', 'hAutf83SoqMZi8PyKZO5DyfUKWrPGGe3PLFMTaX2dRqG6cp1U76syNVoqdCeKuVqNiobQT56cJXnqMiN7qSyDA==');
INSERT INTO "BING"."TXL_JICHUSHUJU" VALUES ('42E16C25-97AF-4EE0-A2D4-45A7E0842455', '张磊', '座机', 'ZJQPiVLrFQdecwfZzsNLp6kvwr4cdHX8YuUK+GdyHkP8ooQHvftNIDrMtV77b+3yk2DwPx2M6lP2wLCm30qkxA==');
INSERT INTO "BING"."TXL_JICHUSHUJU" VALUES ('42E16C25-97AF-4EE0-A2D4-45A7E0842455', '张磊', '邮箱', 'NKqe/+dLzYw0QPqfcBHJbW7tkcXQ2Zj5WFbsuCmGS8Gk+iz6OFFpafEzwDrYlXhPOpJU16LiFKNAxoFsPywCHg==');
INSERT INTO "BING"."TXL_JICHUSHUJU" VALUES ('42E16C25-97AF-4EE0-A2D4-45A7E0842455', '张磊', '备注', 'kPbp2vX160FctNGZzRl+JkssHWbGogyji/j+oztwtht+lrcKurdKot/Bwq0Gk+9uFKf0WwGEQuortm09p2YMBA==');
INSERT INTO "BING"."TXL_JICHUSHUJU" VALUES ('42E16C25-97AF-4EE0-A2D4-45A7E0842455', '张磊', '性别', 'Faqt8kv/esDsKiCa0Iaipxl21xT+q9cic5tUQASj+ck4bUDrpv3jlH+K/ylMk3v0IldK4hypbTYFrIrv+rdBNQ==');
INSERT INTO "BING"."TXL_JICHUSHUJU" VALUES ('42E16C25-97AF-4EE0-A2D4-45A7E0842455', '张磊', '员工号', 'MlEV66gq9dsU5cnL/tiKKMCrlc8UuXvqJFQJ0dJtzXAdShIppx8yctXSMS0hQWqGJGt1j/bi0He9NDh1NthuTQ==');
INSERT INTO "BING"."TXL_JICHUSHUJU" VALUES ('42E16C25-97AF-4EE0-A2D4-45A7E0842455', '张磊', '紧急联系人', 'KvWhHZx3Q16ORkfsbM5JEO7jnpIxk2PLHBi9lhmXOOJTV18zMUoI0gII0UKA4ZlyKdY3iF/WU9hbYYEK54XzJg==');
INSERT INTO "BING"."TXL_JICHUSHUJU" VALUES ('16396BE9-7EB1-4FEC-9EE2-160974D65EA1', '张超', '拼音', 'Sb2p4LuyI5CXXkS6JNCbTiz8ehJS3U9l+mFTism3+o1EaRdnxTjLNoXPKamh7e++J2+Wmqpqd/1gJPacr61iVw==');
INSERT INTO "BING"."TXL_JICHUSHUJU" VALUES ('16396BE9-7EB1-4FEC-9EE2-160974D65EA1', '张超', '公司', 'lle7sqO7hVFJPdC/NLHgLZxBiMiSWRHHB++568LuGQm00cXuWxbn1D/n20Cd0N9R4oxaykWc1X4Sl3vMnkn5SA==');
INSERT INTO "BING"."TXL_JICHUSHUJU" VALUES ('16396BE9-7EB1-4FEC-9EE2-160974D65EA1', '张超', '手机', 'KzrOy8j0HeYWMCY6+d32L+q9yJhnyO4iLvlAFtY6+IvUmwLj/vt9JsjXicR7/QFHZxzU19I/HEL4Om6KIa7dZg==');
INSERT INTO "BING"."TXL_JICHUSHUJU" VALUES ('16396BE9-7EB1-4FEC-9EE2-160974D65EA1', '张超', '座机', 'TuUQG9FNActqrQefpH31xM9PrA3Fo8VcXPQF5UXnBRrW54QDpvusKIjXzgd1iHwuhLAVKymPUIK0sIEQggOI0Q==');
INSERT INTO "BING"."TXL_JICHUSHUJU" VALUES ('16396BE9-7EB1-4FEC-9EE2-160974D65EA1', '张超', '邮箱', 'D3mZcQL8wXsWucRn1huXNA9mylsbQ75QOoz/EVQUW07VW8XJj0TUEMrMMoV3wLbkZujZktlYp4QN8mr7NErUUg==');
INSERT INTO "BING"."TXL_JICHUSHUJU" VALUES ('16396BE9-7EB1-4FEC-9EE2-160974D65EA1', '张超', '备注', 'feOcrs2iGxRV8PyFrNaWnjj88k1EsvX3O47OFCgM7OtHv45xW/iCpfzXO07v5VfQ0vdD/kRFSo3wUh1drstvtg==');
INSERT INTO "BING"."TXL_JICHUSHUJU" VALUES ('16396BE9-7EB1-4FEC-9EE2-160974D65EA1', '张超', '性别', 'FbmElXYjrNacL+t8wOh34Vvo8gQRtpbpUtIB/O2/lZYvlA8sm+nGIXfOxIegyQ3A/IjRDHBHFK/CD1gMlU65tg==');
INSERT INTO "BING"."TXL_JICHUSHUJU" VALUES ('16396BE9-7EB1-4FEC-9EE2-160974D65EA1', '张超', '员工号', 'D4HVTPyqDcVs1CjIaFxGoLdJbgj9HrfPLNT3AtkeBT+Whm5ZD8CRMrFdXcGuTqe4WRgf0FZHtdkGw1VUVRRQYA==');
INSERT INTO "BING"."TXL_JICHUSHUJU" VALUES ('16396BE9-7EB1-4FEC-9EE2-160974D65EA1', '张超', '紧急联系人', 'JB5SvbhlvPpDtDMqw2YC2ACY7zRC4KVGdbALi7SCCBuwyWLTW8V8eCcGAT8idWZhunf1a1HmRYSLcGqmLKpUXA==');
INSERT INTO "BING"."TXL_JICHUSHUJU" VALUES ('5DA4935D-408C-4BDE-9930-475154C05CCD', '彭凯', '拼音', 'Mx/9KoANI83qlwNQ6ZYSwmuh0G+Gem0mKXumRwX92lorTHP2Jg3KNfHOjjZCii4kynKEhkMhYbI0EENN6Ja9VQ==');
INSERT INTO "BING"."TXL_JICHUSHUJU" VALUES ('5DA4935D-408C-4BDE-9930-475154C05CCD', '彭凯', '公司', 'M/aG4VfS3GpGkHXdsNQkzFEqHEd3DQm89+eB9Ckg93KaqK479p2BMrByL1SD71EXY8zbDFv/sJmBVZ0paCamCQ==');
INSERT INTO "BING"."TXL_JICHUSHUJU" VALUES ('5DA4935D-408C-4BDE-9930-475154C05CCD', '彭凯', '手机', 'lpBzlxrwVWe/+oudNj1dxydEN2/sVn8UsEfmqXmK2NkraD6FlRhEOiFW02rv74mOydJegMHdVnQfh0TdMa2W1A==');
INSERT INTO "BING"."TXL_JICHUSHUJU" VALUES ('5DA4935D-408C-4BDE-9930-475154C05CCD', '彭凯', '座机', 'Kz/PJz4BJ/7S3rDnzssKO2EFZKGo7hqOQFmHReYnKWHkhDj8MIsy8nZiHEwsNVsND1np8SzsdzrGgVujk+fm1A==');
INSERT INTO "BING"."TXL_JICHUSHUJU" VALUES ('5DA4935D-408C-4BDE-9930-475154C05CCD', '彭凯', '邮箱', 'auP3FEbJOowpnE/1krb4d2P4e6o4c31Jfwwfn6s/Pt3i6GppuGp1+0L5aszParD55OxqrVxjZTkK7Pku7hG7uA==');
INSERT INTO "BING"."TXL_JICHUSHUJU" VALUES ('5DA4935D-408C-4BDE-9930-475154C05CCD', '彭凯', '备注', 'IJIytCcM73CGkL4YLEd6hmbttEeK4AzB5ouCdFntCbfu+xNmOr1r7J8FSBYxpwGVoGeRNf4VU5zELCWN7VEuUg==');
INSERT INTO "BING"."TXL_JICHUSHUJU" VALUES ('5DA4935D-408C-4BDE-9930-475154C05CCD', '彭凯', '性别', 'Sm3h2TiPrtPiqztRsLXRbC7Xgyy/xY0RDRtW+WctVe1wXYLqaoNcVaY+UL0VMkAQdsqnwF9KJghGu43I2rVaEQ==');
INSERT INTO "BING"."TXL_JICHUSHUJU" VALUES ('5DA4935D-408C-4BDE-9930-475154C05CCD', '彭凯', '员工号', 'WH49vkmzOOSewnRN/gfxs+4jh6iZozDNYyopyz0wvt8Q7olR3YDaHemjPan8xIxsOpFANXW7GBXGDP2E+1Ztbg==');
INSERT INTO "BING"."TXL_JICHUSHUJU" VALUES ('5DA4935D-408C-4BDE-9930-475154C05CCD', '彭凯', '紧急联系人', 'SdjzmaLe9IyIfE1vHmXpAOuMokaTflvkP5ghcXgUoOGH9OdRulMEFzQKCzCkmcUp8JzzNWaC53K7CwS2pxgCgg==');
INSERT INTO "BING"."TXL_JICHUSHUJU" VALUES ('AC069D40-0F05-4242-B0D9-4F38B3610413', '李璐', '拼音', 'cvjCPbcSr81tNveF/Q4lapaBvLd/a05Fg/y2qrrpQP70VKhGxn8vyTX1g/L48uXoF/YKs+eRY3knGNAjn9DsJA==');
INSERT INTO "BING"."TXL_JICHUSHUJU" VALUES ('AC069D40-0F05-4242-B0D9-4F38B3610413', '李璐', '公司', 'd+gjb4RkpN+DiXETt5BfsqinzjEW0YPX5sOyo09vqQAiBPhgNkgR5EPyf5W64vDbXpD+mT36rQJ8BHKOFUohXg==');
INSERT INTO "BING"."TXL_JICHUSHUJU" VALUES ('AC069D40-0F05-4242-B0D9-4F38B3610413', '李璐', '手机', 'dLfv57u/J+/uNq2HOgvxG1so7D5A8Wq89Lt3QWUtpMEIMFfpvm7/l1YR3CsbPkgFUHSnp81U3LeEJQB8RlbKIA==');
INSERT INTO "BING"."TXL_JICHUSHUJU" VALUES ('AC069D40-0F05-4242-B0D9-4F38B3610413', '李璐', '邮箱', 'kbOe2TMG85gE0PcZhP9qNEVkxBfrPQVdHcOaQcIN/FohFWj+L9wVId9t6abfQKdHGggBvv4jKUsc4H3euRtZwg==');
INSERT INTO "BING"."TXL_JICHUSHUJU" VALUES ('AC069D40-0F05-4242-B0D9-4F38B3610413', '李璐', '备注', 'aDzXh26h6dPJTdAO2h98sNfKySMKHqdzzs/RzBuat7soU6//S8rxuuAVgMfP9DFNJrksPRieokgQ3glqnlog/g==');
INSERT INTO "BING"."TXL_JICHUSHUJU" VALUES ('AC069D40-0F05-4242-B0D9-4F38B3610413', '李璐', '另一个手机', 'Gva+/iHgiq/DvZp614skYPN/Jpk4kjCzUqBQSHtatCjf8LsE9TQCn8RdVKCIIu4Mpv9cW2+9gmKQtG4k8djXSw==');
INSERT INTO "BING"."TXL_JICHUSHUJU" VALUES ('AC069D40-0F05-4242-B0D9-4F38B3610413', '李璐', '微信号', 'DXxZJAERSGhI8RukytzaPgSaBHv/G2ghdfghdFShzrBWOP8GoqD2bGEfjkQ90Q51dYfkXU9BF1GAeyoj/+kmVA==');
INSERT INTO "BING"."TXL_JICHUSHUJU" VALUES ('BFADB548-9C5D-4590-B84F-230DBF837CBA', '柯勇', '拼音', 'aKxoOMJFKpRIh0Gn9VhRgu/HRWb4IeiT3NJ7NvGGiOAmkFdmxa8PBYIW9YUY3v3/zjjV0nPxyN9GqiKm90OvNg==');
INSERT INTO "BING"."TXL_JICHUSHUJU" VALUES ('BFADB548-9C5D-4590-B84F-230DBF837CBA', '柯勇', '公司', 'mMyRHjFdjtPa9jCtUkEFsOgmtDvqfv0TyDnrbkuIg+IIqeVN0o3jLy3+nDrViYxB20qX+lD2ffaSj8yRiEVkFA==');
INSERT INTO "BING"."TXL_JICHUSHUJU" VALUES ('BFADB548-9C5D-4590-B84F-230DBF837CBA', '柯勇', '手机', 'ig+VeUvLbrJW/fyijAW8W9qjZwTcFmMr3rQAKOeTgWGQxDWVpEsGw6W65xgZ/jurbguaP1T36RiEHfoMrgmXzg==');
INSERT INTO "BING"."TXL_JICHUSHUJU" VALUES ('BFADB548-9C5D-4590-B84F-230DBF837CBA', '柯勇', '座机', 'YpZpoDbKaDUHsdNvmBpTfw18hzEpR/5dX3riuW9rTTsCDNrhi33WgcQTSXkA9wY5aCJtFoM5rBGfBa/sNwBy2A==');
INSERT INTO "BING"."TXL_JICHUSHUJU" VALUES ('BFADB548-9C5D-4590-B84F-230DBF837CBA', '柯勇', '邮箱', 'bguVET6fchw7ApF+Mrrcy30zJdmfR4JSovi2WIgzK3d11M0BzuWxJ2iEzDYQor4qi8tySSF/Mylv5LJQXxKw4g==');
INSERT INTO "BING"."TXL_JICHUSHUJU" VALUES ('BFADB548-9C5D-4590-B84F-230DBF837CBA', '柯勇', '备注', 'JizSDQGmuMdjggD4RDkbL3N/lWgOwYaYIWlFue+04xCaOSl7xwiDvq3w58h0bGMUkB82KpZ5dsho2kEuTmUdBA==');
INSERT INTO "BING"."TXL_JICHUSHUJU" VALUES ('BFADB548-9C5D-4590-B84F-230DBF837CBA', '柯勇', '性别', 'bo+wyzo3D/hdIUn2QN01t9/BJJf5lnwEZ/Mg982DQWlFoTKF0NEf2hxVbxXn917R2zLmEx2kl9ORoVFmEEdjEA==');
INSERT INTO "BING"."TXL_JICHUSHUJU" VALUES ('BFADB548-9C5D-4590-B84F-230DBF837CBA', '柯勇', '员工号', 'R7IOl1pY8dYpa/NllFL3+7aTsggdcLhB7ALiQDDsLeEM5BVkgpGuHnjcUdJXmziW48v/l/1G0VE7orMti0OezQ==');
INSERT INTO "BING"."TXL_JICHUSHUJU" VALUES ('3D52E94D-8126-4A6E-A403-727C0C177BE0', '王立', '紧急联系人', 'h8w42f9Mg40wtsDUS5xougzs7T9v92jzsO9IQNKDxzTczoT6Jqu31AIfNSe9SrrP52SgX/8HVUAIeXxc65dThQ==');
INSERT INTO "BING"."TXL_JICHUSHUJU" VALUES ('A6EE1591-E7D4-4B67-80E4-CAB31167E9EB', '刘中华', '公司', 'gEHSvQktR9vovFO758cWdVbUUgfIN6OuV+4//Bl6EeqJQQdzK5uPupoJqCSq9Pclr6PDVX12fvGpvlwvXVF7sg==');
INSERT INTO "BING"."TXL_JICHUSHUJU" VALUES ('A6EE1591-E7D4-4B67-80E4-CAB31167E9EB', '刘中华', '手机', 'YyaM/M0VqZGzTT3JfVcvbZXwsiYW/qJYx5SAw/lWnuzaYcb0eOnfnWwdv0Wgp1oSVCWdldbf/bxX92Rvsasvzg==');
INSERT INTO "BING"."TXL_JICHUSHUJU" VALUES ('A6EE1591-E7D4-4B67-80E4-CAB31167E9EB', '刘中华', '座机', 'NgFhWSPx5OLJksehSVHEan/ZZt0QM51ktXiV5r1ZIEo3VqqI09t7Km5iENsyhS5J6fJpHJLJxgL0waYdf6eJew==');
INSERT INTO "BING"."TXL_JICHUSHUJU" VALUES ('A6EE1591-E7D4-4B67-80E4-CAB31167E9EB', '刘中华', '邮箱', 'G4+/8+/WGlOlC+sdlv3kQxAL5+jt9rPs6+I50rVhAnNjuCrNQOUBYHWzji2L/m5Faj3WfRIvG3h1OtEgFsYWmw==');
INSERT INTO "BING"."TXL_JICHUSHUJU" VALUES ('A6EE1591-E7D4-4B67-80E4-CAB31167E9EB', '刘中华', '备注', 'Q3wcAkaBfFYLmLYQa/VPBXY2Su+va8h0QDBrJ0WrN1GdAX4KFhq+JOmn9wSIC1rx89ymvRgYW/vNa1WIMjrb2w==');
INSERT INTO "BING"."TXL_JICHUSHUJU" VALUES ('A6EE1591-E7D4-4B67-80E4-CAB31167E9EB', '刘中华', '性别', 'jRgo2j6khFo8OYJvbXcPvVd4Gw8UaSpgF9Z1X4gXGEcvk4TGkixledpEMoTr2YVcN/3cSVEdEOAIC0N4Bu2NJQ==');
INSERT INTO "BING"."TXL_JICHUSHUJU" VALUES ('A6EE1591-E7D4-4B67-80E4-CAB31167E9EB', '刘中华', '员工号', 'KVYoZXkcl0ggVzDUi+ynTsFB5U34ektMvRQFtdhO7v5EPB1zXctw6aNTW/LqEmJQxpmjU9abnG7gBFDI+nexdw==');
INSERT INTO "BING"."TXL_JICHUSHUJU" VALUES ('AA94352A-031C-4008-B569-08A412137F22', '许国辉', '拼音', 'iZyby4H9N13bRB/jB39ylXxOpYIlqkMoMWnB0qQFSc+S9gQlkg1GPrxCYACJeY0qslNs6iqumolMRgFpylquCA==');
INSERT INTO "BING"."TXL_JICHUSHUJU" VALUES ('AA94352A-031C-4008-B569-08A412137F22', '许国辉', '公司', 'mPcXj++458f07dm8l7+elm3nZo9DmrO4m0a/xd72X7cLIzjgEJo2hW+ovbFZObLVPY1WfD+gcBPyR9gkoC1V/Q==');
INSERT INTO "BING"."TXL_JICHUSHUJU" VALUES ('0BB23749-FBC7-416B-9DD4-3110BF6B58BF', '赵旭', '拼音', 'h3Tf6YFtErJP0geJErGfZSYHw5Iy3bohbDEI7+kCh16bloBLTpWvUvt2R1anl7v+nMK/JyVwZj/yS8Dp8RWcpA==');
INSERT INTO "BING"."TXL_JICHUSHUJU" VALUES ('0BB23749-FBC7-416B-9DD4-3110BF6B58BF', '赵旭', '公司', 'a2uOCFdXdQhwogGhMHyjKthSdnyzg86WnNLY/hynEfX56kYZ9W79FqBKDsBFXuVr3iEdDXckYjbp9gFOeKA9ug==');
INSERT INTO "BING"."TXL_JICHUSHUJU" VALUES ('0BB23749-FBC7-416B-9DD4-3110BF6B58BF', '赵旭', '手机', 'CHZNCW4Dr3aglGpAUoIZq0UoZ36S19+DzemMMUwIE+T4MQfZrK9Cxql+9z9XozpzDYFPGHOzgRSg/5fAt5Hs0Q==');
INSERT INTO "BING"."TXL_JICHUSHUJU" VALUES ('0BB23749-FBC7-416B-9DD4-3110BF6B58BF', '赵旭', '座机', 'blz5+k9SooYIiL5VNlwsQQJRILNTV76D9pMyPk44OiS2gPeIJ2gnyz1V/unZ88w/37JTPVHyscxRsjLVZ8hJCQ==');
INSERT INTO "BING"."TXL_JICHUSHUJU" VALUES ('0BB23749-FBC7-416B-9DD4-3110BF6B58BF', '赵旭', '邮箱', 'Capg/fcRszmHMg75C+hM9YQm6tMs4EyjbHfjckRMWe79ckMvuFBZvBylpIsdtUDyfkQfxly69jKk2tmYRoFUTQ==');
INSERT INTO "BING"."TXL_JICHUSHUJU" VALUES ('0BB23749-FBC7-416B-9DD4-3110BF6B58BF', '赵旭', '备注', 'Su5p9Mzu+6dvUqItaOAnhCaRZ0O1fBvSJ5CIhBWh99xePCY1FsBJvVRTgY/+whWNZ83IVyVFdIiFWlcDz6LGGw==');
INSERT INTO "BING"."TXL_JICHUSHUJU" VALUES ('0BB23749-FBC7-416B-9DD4-3110BF6B58BF', '赵旭', '性别', 'VI5ue4z20LhcL/n0mj6W+L7vAPFxTYg1p9iR03ENxLUnFYgltu711YpIvmcYInKM9EFSjLK4zqD1G1L3AYxuiA==');
INSERT INTO "BING"."TXL_JICHUSHUJU" VALUES ('0BB23749-FBC7-416B-9DD4-3110BF6B58BF', '赵旭', '员工号', 'EoQ9uw/WgJJ7roDRzdTN6lvreKphNfyiTFcOCfRsMTnxcXQ410do8LtlKHYscwSSg/4F/Ihp9QQ7RnTAqVudbg==');
INSERT INTO "BING"."TXL_JICHUSHUJU" VALUES ('0BB23749-FBC7-416B-9DD4-3110BF6B58BF', '赵旭', '紧急联系人', 'mkMhAe31UNMzGtre7qvjIN1HhTAJT/afNTIR9+Tu0uUNL0CKKdPds0qIfaFFcmWPABXU4zxIFH80r6yIIC80ow==');
INSERT INTO "BING"."TXL_JICHUSHUJU" VALUES ('AA94352A-031C-4008-B569-08A412137F22', '许国辉', '手机', 'Qg1LVC+sLr2ssohF9L0H2zAasverBHHrRoc/n7Gh6I6rRPElig8478asut4zL8IptB3PF8wUaJVRjTHi5zNvOQ==');
INSERT INTO "BING"."TXL_JICHUSHUJU" VALUES ('AA94352A-031C-4008-B569-08A412137F22', '许国辉', '座机', 'jqIMaBfxrNgzDCMVk9DOulrXG2FzzU1kVj5CwBE/PelGrifvblFN/OW2kJ8fK7OylEut4GR8q65qozYJ1Pe9Jg==');
INSERT INTO "BING"."TXL_JICHUSHUJU" VALUES ('AA94352A-031C-4008-B569-08A412137F22', '许国辉', '邮箱', 'aidVWOofIUqDbl5oZsfGD3cTDJad1fY06C/Ghbo+MlLfpxlYYneYVhjzJqBJ/g/dBk0Kx92necuuHLwkKn8nbQ==');
INSERT INTO "BING"."TXL_JICHUSHUJU" VALUES ('AA94352A-031C-4008-B569-08A412137F22', '许国辉', '备注', 'VzabKTgu3QcYR/cteW5j4VH/+64VvwVy1I/1iFmP8L9KxekzUNvJ9KsznYTyG3K3HD7/sCTCy6xrShyOqofHxQ==');
INSERT INTO "BING"."TXL_JICHUSHUJU" VALUES ('AA94352A-031C-4008-B569-08A412137F22', '许国辉', '性别', 'kBBQicz7xOVxMBnTnz2vQJ2cuPZK7xX+srsygE/EQlUItF9b6+WG+cl+aLu1sUSkWJ2yhVEgLHUumbdqc+YULQ==');
INSERT INTO "BING"."TXL_JICHUSHUJU" VALUES ('AA94352A-031C-4008-B569-08A412137F22', '许国辉', '员工号', 'CwDUpcsbFKrgZSmBjhBnfu15uympYerzvvYcfd/Y3F3MZyDHukTNchCsfPcqbjAijQyRFLWUmpZYD9CMdltc1g==');
INSERT INTO "BING"."TXL_JICHUSHUJU" VALUES ('7B528F6F-B08B-4884-84E3-A0BD1551D82D', '赵岩', '拼音', 'EpLtXQVXuhCC5nOKCanaL+Zr2/qCWQC7BbhqJHYozt3wmIy5J+dJfyDcUiKPg183y0ducy97wn+icw3hHcWRcw==');
INSERT INTO "BING"."TXL_JICHUSHUJU" VALUES ('7B528F6F-B08B-4884-84E3-A0BD1551D82D', '赵岩', '公司', 'M62PnIIY3yf5kN/E5TCgzxCajjktZ+R5JGflLZE0Yx1GaaMRVNZiYQI7x3nT4VCfiwEJKm6VIqnQ/Te3OZcT9A==');
INSERT INTO "BING"."TXL_JICHUSHUJU" VALUES ('7B528F6F-B08B-4884-84E3-A0BD1551D82D', '赵岩', '手机', 'DQ2Lkoq48g2gt6iH3ZrGz3vJHsids7CXpcMGVd9HxpNnqikgrGftNyawNOqDIkazvbyNaHEaAkN1l5ceIF9AVA==');
INSERT INTO "BING"."TXL_JICHUSHUJU" VALUES ('73B1C454-0A99-4434-9701-ADE6AA64986F', '赵洋', '拼音', 'RM7OoZl1JH0g5Tf6Tfn162GEe63iC8UruqPWbhDr358Ke8Xgd/OIeVlUNkD6VtO/VI6qk1pjpiElymO2QpBFaQ==');
INSERT INTO "BING"."TXL_JICHUSHUJU" VALUES ('73B1C454-0A99-4434-9701-ADE6AA64986F', '赵洋', '公司', 'Bd2pmwk+DlpcUi3MZHi8BQZYDWsBvR/KXSs/kaaFxi5RYHfGvxz4O8YHvLPgmlnjFQjE8jfI3xci4aKLvQ4aiw==');
INSERT INTO "BING"."TXL_JICHUSHUJU" VALUES ('73B1C454-0A99-4434-9701-ADE6AA64986F', '赵洋', '手机', 'H7PZ2BJsWqFyae6tn+K4V9XjFMBoVMY2wEWbQGGMgpaSqoUAOvRAlhW+qgwh3IIWM+Gw9ZazepcEqMydKGe/CQ==');
INSERT INTO "BING"."TXL_JICHUSHUJU" VALUES ('73B1C454-0A99-4434-9701-ADE6AA64986F', '赵洋', '座机', 'IgE9ErUjJqSveMMUYJ7idqBEon3Wfy+VTOjv/kXdHY1V5XqScgltk141vb43i5cjN6qhTy5FKGvryJh3GxFLuw==');
INSERT INTO "BING"."TXL_JICHUSHUJU" VALUES ('73B1C454-0A99-4434-9701-ADE6AA64986F', '赵洋', '邮箱', 'ddjl3xltJ47fiG8DKVQ9Fuh0vKmwhN0q+OcF/ysHan9SZXYcvMXTrAaSNaStfrhQNywqT5H+3zF5OiE28VWOJw==');
INSERT INTO "BING"."TXL_JICHUSHUJU" VALUES ('73B1C454-0A99-4434-9701-ADE6AA64986F', '赵洋', '备注', 'KNf/HePl9kuJ0Z2plJprjDadOC7g7lVBUyWmGJemxZ6RoxDS8usAlymTd/O/kBo60uN+YTLI21m/GIrCW70u0w==');
INSERT INTO "BING"."TXL_JICHUSHUJU" VALUES ('73B1C454-0A99-4434-9701-ADE6AA64986F', '赵洋', '性别', 'J/c+NainxRyvaXrJGSbHxsl2hP2CpBacjtMBr8/GmYoargH6iW0c1rcSsO75RKKUFx8RdYWNZhZ8wxiaE1tHxQ==');
INSERT INTO "BING"."TXL_JICHUSHUJU" VALUES ('73B1C454-0A99-4434-9701-ADE6AA64986F', '赵洋', '员工号', 'k14ZSp+fmGWra9yysrQB/XUSxfcw/6bZnT57SecOlCd/hpQ4AscQxf43HGg6exrwtp24mSzIl1uFQ0M2VmyjiA==');
INSERT INTO "BING"."TXL_JICHUSHUJU" VALUES ('73B1C454-0A99-4434-9701-ADE6AA64986F', '赵洋', '紧急联系人', 'ctzXaTHe2Awy52251o/gkACCxycik69V0aCEcPIRJbGaoUXI4qut0hRI+ZQaxV0QlHLzNvkMCS4NodAx7sFiaA==');
INSERT INTO "BING"."TXL_JICHUSHUJU" VALUES ('055256A7-C8E5-4C1E-BED1-75307AC1A917', '李阳', '拼音', 'PFmQUMqYJSkLeOEGbAhusxdMnuaGhsbCGXAcS9NMApXrPdoYVKRMhSNLmb994zMjWEKqQywmYOVMp4I8CSoVPw==');
INSERT INTO "BING"."TXL_JICHUSHUJU" VALUES ('055256A7-C8E5-4C1E-BED1-75307AC1A917', '李阳', '公司', 'h0DuhzjLfmfSmPgl7KXF+MWJzetfLteJJ40j3Qsl4i1/QqcXljZKpxQS7DqupUKhTCRC0r3DVwKXIwE2MJcgZg==');
INSERT INTO "BING"."TXL_JICHUSHUJU" VALUES ('055256A7-C8E5-4C1E-BED1-75307AC1A917', '李阳', '手机', 'DH8LVA+6BY4cvobH78LTZ1WXghOiXZCvIzOUZ07Bw9EHXxOh6tBn5eAFiiuU2FdStLzLxWh1oQ8k2gG6LEzx/A==');
INSERT INTO "BING"."TXL_JICHUSHUJU" VALUES ('055256A7-C8E5-4C1E-BED1-75307AC1A917', '李阳', '座机', 'kLb6HWy2b5UhO6+DKATmcH6XUXhA6H6GgrreQTkXhpO2tPnFExYd4j4IRoQc+GDIn7nXgiiOZmliHcIMX5ukoQ==');
INSERT INTO "BING"."TXL_JICHUSHUJU" VALUES ('055256A7-C8E5-4C1E-BED1-75307AC1A917', '李阳', '邮箱', 'AeGt+LW1v9nGNKa4MUpWTlS9iJ1A/aU2wBJNCpsg7xksPaeibMpLqRV6o3/TlYHNjWQVvFbwfZFdxIBItskXlQ==');
INSERT INTO "BING"."TXL_JICHUSHUJU" VALUES ('055256A7-C8E5-4C1E-BED1-75307AC1A917', '李阳', '备注', 'U4oxYzoz4sXKQR55X1wQdzZEPwjDmipWALSS7p14uJnJZ0jpQS461hCfgx8z9dn2oB38FqXoa14egb2Qqx8rGQ==');
INSERT INTO "BING"."TXL_JICHUSHUJU" VALUES ('055256A7-C8E5-4C1E-BED1-75307AC1A917', '李阳', '性别', 'G6M7ddQ0ZF8s7Scdn6q5rwjJSEeVpn+vlglgQX3vdDUquPXmOcI7ceoSsZWYp81icToqgayI3yLT+aZjoXbOBA==');
INSERT INTO "BING"."TXL_JICHUSHUJU" VALUES ('055256A7-C8E5-4C1E-BED1-75307AC1A917', '李阳', '员工号', 'h/jAC3mmJHGCjJbg6zA9AJRO5L2ily+l9HP+LVB60zj7UpeUOKry6Gp9Ru2SiWRFOIz5aJB+fkwlc4OXgQzkSw==');
INSERT INTO "BING"."TXL_JICHUSHUJU" VALUES ('055256A7-C8E5-4C1E-BED1-75307AC1A917', '李阳', '紧急联系人', 'ST3taU7s1jpCaMwtq+TKOFJ/jBPFE5LYqA3cUcjaWHgOlq2oouMMh3TdPGryWVpPI5xFfFl9dgne5ca0uVeGtw==');
INSERT INTO "BING"."TXL_JICHUSHUJU" VALUES ('3D52E94D-8126-4A6E-A403-727C0C177BE0', '王立', '拼音', 'kVnXpe16DlCjNO7BFE4KNfNZTPZgUbJkW+Q4EuRHWvUQb53uD+oCv8yfCA+4ggZNBaT/KLRNvTk4EUQOY1p4/w==');
INSERT INTO "BING"."TXL_JICHUSHUJU" VALUES ('3D52E94D-8126-4A6E-A403-727C0C177BE0', '王立', '公司', 'Ojb43G/HQ6/8uwbZTGJv7oWjKmlwe8ZFfnv0rRdwOqD75FfvaWNOWuwB8KWAz6Vi5jVDBzR1tfKBCv0YYSNPVQ==');
INSERT INTO "BING"."TXL_JICHUSHUJU" VALUES ('3D52E94D-8126-4A6E-A403-727C0C177BE0', '王立', '手机', 'SzqviAa0mT2Ov1Ciei0XtiYGB+q/f+YBxbjGyM1PGW4kJ6FitJzYNIpKQ4bFODtzWQH6L5fTXKtWECSLmG+l6w==');
INSERT INTO "BING"."TXL_JICHUSHUJU" VALUES ('3D52E94D-8126-4A6E-A403-727C0C177BE0', '王立', '座机', 'jGEwTq/6I18RnLnKjW55cvCQb2kscqBllPkb4didelZYnTiXVik32QGD08uHAaZs1Oq+XR+gMdhoN/JQgQFnXA==');
INSERT INTO "BING"."TXL_JICHUSHUJU" VALUES ('3D52E94D-8126-4A6E-A403-727C0C177BE0', '王立', '邮箱', 'HWVG1hfwGXq8hr3eDF+UcSv4xD3pJMjtbrnshEv1apxTigZxxF/SwuNweO7HgXB7xNGqklc53BEp1le8Ldruug==');
INSERT INTO "BING"."TXL_JICHUSHUJU" VALUES ('3D52E94D-8126-4A6E-A403-727C0C177BE0', '王立', '备注', 'LWeLWKQ+r72sEoBI0fvVbgPe2hpRhAqzbmJ1KdiCCSUR7JEED/Mz5slveK8V6C8ZFC7ZVBnqAERL4qtjEu4Etw==');
INSERT INTO "BING"."TXL_JICHUSHUJU" VALUES ('3D52E94D-8126-4A6E-A403-727C0C177BE0', '王立', '性别', 'hU5pwLRNQ8cs2eBW6MhEbZ+CabUv8r03ur8vy70lx4VEUr5icdRkoutXDsAPv/LSUH4OXaT1egZldz/J2kd7EA==');
INSERT INTO "BING"."TXL_JICHUSHUJU" VALUES ('3D52E94D-8126-4A6E-A403-727C0C177BE0', '王立', '员工号', 'JzPGNCWp1kM8fzgg3oU7QX3Gw933f2AWVAnFS+vTWgb8cXxekPUGJXsEYe3l06aR7JqUA7JLuQrstH6PiBSBEg==');
INSERT INTO "BING"."TXL_JICHUSHUJU" VALUES ('4B60FF71-B594-41AB-A008-7DB331F9166E', '李伟', '拼音', 'ICeYuzUPrt4g/Vz6weAyweC0cg/eHGfyuEsrlPwEjI/c/JrliQxd6k1LP893tItYDOFosCLHrQDfci/ZUugITA==');
INSERT INTO "BING"."TXL_JICHUSHUJU" VALUES ('4B60FF71-B594-41AB-A008-7DB331F9166E', '李伟', '公司', 'HinyR7jPGgLHv1MZ5inPPQih73+9/vKoxChK51WnTFxAtpwYOmVzRkImHnSD6R6LquC/3B/dMcLAlZ89cNXPyw==');
INSERT INTO "BING"."TXL_JICHUSHUJU" VALUES ('4B60FF71-B594-41AB-A008-7DB331F9166E', '李伟', '手机', 'Ou8UAE7laedtR40SnPJEDEdfFYHU8Qmd2Umf/nClAK2/Qiy2zYGeVZWGrLb5xGZJ+y/vTKUr45W2al2zvy1Ssg==');
INSERT INTO "BING"."TXL_JICHUSHUJU" VALUES ('4B60FF71-B594-41AB-A008-7DB331F9166E', '李伟', '座机', 'jS9n8dnzwrE2JH7Tqo7aGppjljDrgMHww2QPDALNFnweopvSmG8abpD3i3lv78sM7R9meOtrLYz4vIpCpFYr1g==');
INSERT INTO "BING"."TXL_JICHUSHUJU" VALUES ('4B60FF71-B594-41AB-A008-7DB331F9166E', '李伟', '备注', 'Q2gyobteyw0LaufSh7lHdxsvKXNA1nckS+BUniiUxThQlGXH323acsOojz+cSXiBtSV7PJyy9Rx3d+j34sfvlw==');
INSERT INTO "BING"."TXL_JICHUSHUJU" VALUES ('4B60FF71-B594-41AB-A008-7DB331F9166E', '李伟', '性别', 'Izrf1q1dhXG/3IdE10VnmTQfU+xdmjTx4/5OhJVP9D8huuUZULrPH0SYnqOll4CjVj3WTLfksmit2BOYZCIPEA==');
INSERT INTO "BING"."TXL_JICHUSHUJU" VALUES ('E64B0F48-EC7F-4448-8E98-9C8902A2B36C', '张志刚', '拼音', 'fEV8MDOrQJLw7EgH9mHceASjpOVddwlyLYr/hlrZT6zx9UO9vV5jehcde6Dvex1GWD5enDWgcqeuxX5O9kZlbg==');
INSERT INTO "BING"."TXL_JICHUSHUJU" VALUES ('E64B0F48-EC7F-4448-8E98-9C8902A2B36C', '张志刚', '公司', 'IQ4XYcbEmG3SJXVl6cmjl9FepxUGyxEoyK3jhZmB0O4BV4P4UKtoJq2g9lGXKJLiXyT1Ps4B/LVtTDsIKhDBfQ==');
INSERT INTO "BING"."TXL_JICHUSHUJU" VALUES ('E64B0F48-EC7F-4448-8E98-9C8902A2B36C', '张志刚', '手机', 'ILgOd12QZsmL7qgbmNc8M7vNOKbvMJgPW8Crl59c3eF7178i9BZ7axjd3MRVLgHNnpWt5ArtJyJiwzOTjGHGKA==');
INSERT INTO "BING"."TXL_JICHUSHUJU" VALUES ('E64B0F48-EC7F-4448-8E98-9C8902A2B36C', '张志刚', '座机', 'YP6Qn8nHdEdfLFXK/8AYkApIxZPZGXsT6HYGgFxsDGfA0Dlz3JBxQUfqugSZpweTAS+L8ygkytbAbDEKIBfNzQ==');
INSERT INTO "BING"."TXL_JICHUSHUJU" VALUES ('E64B0F48-EC7F-4448-8E98-9C8902A2B36C', '张志刚', '邮箱', 'SipozGWAzXzXLOHxXkfcqfi5tZo6szYVCz8quk3e6DHpVdnqJGcyf03Ckunus75REr3y+q86JcVXNUbG4vdVrw==');
INSERT INTO "BING"."TXL_JICHUSHUJU" VALUES ('E64B0F48-EC7F-4448-8E98-9C8902A2B36C', '张志刚', '备注', 'YRgnPC2OCSlsm4/UZjqsD33jGzHPCc+cxuiYG4xcz4CFRVwwhkwBEPpBasE087wbN4Kh9qlKvK/y34xRmAgPwA==');
INSERT INTO "BING"."TXL_JICHUSHUJU" VALUES ('E64B0F48-EC7F-4448-8E98-9C8902A2B36C', '张志刚', '性别', 'EXvx1ueP5ZxnRZn1elL2bWiHXvbgaro59C6D42Vbji3HF+YMft6JZpsUGKTuczL+5sciofoOlLLXP/UlqyUhRA==');
INSERT INTO "BING"."TXL_JICHUSHUJU" VALUES ('E64B0F48-EC7F-4448-8E98-9C8902A2B36C', '张志刚', '员工号', 'Z3eM29Q3maB1VZop2Xwa7obE1J94tJMgDJ8Ay8pPD4cVSjtLjGPihJj3nmSMRFJE6y1GtOCAULOs4K26d0foaw==');
INSERT INTO "BING"."TXL_JICHUSHUJU" VALUES ('E64B0F48-EC7F-4448-8E98-9C8902A2B36C', '张志刚', '紧急联系人', 'DaACTu+53Ee6jQSEZZ9UtQdhji/eYC5zRuXNOondQcl5PPZO0RYgvlbvIc6t97q12R9VTChuwVKyoA0D5vrQXw==');
INSERT INTO "BING"."TXL_JICHUSHUJU" VALUES ('18CB52FC-2653-4C44-89BE-4E720B1252FE', '尹振武', '公司', 'aGwgnBhCuBcGXJjv77V3r1DjQ1mXkUqUhQpPDoJpL//Fp2q3/8FMx0pK5JSV5TwwK0DwkXrnSBTIZT7Lh4uVtw==');
INSERT INTO "BING"."TXL_JICHUSHUJU" VALUES ('18CB52FC-2653-4C44-89BE-4E720B1252FE', '尹振武', '手机', 'RhtBEBOKLNgvzcm9D4imhG4TsmRM4jJrsNskwGk3nXOhV1U1xBe+RH92q5mQi3X1xjLhz6KxfVjb87NTT1cbsw==');
INSERT INTO "BING"."TXL_JICHUSHUJU" VALUES ('18CB52FC-2653-4C44-89BE-4E720B1252FE', '尹振武', '座机', 'kVLeZ5crwMNX/oLTe6fp2kk5Fhu1VRPrBHqRXzwhDc4/lQ09iWs6Uhe+Y42E+bZdqlzE9imb7xQEwLIxE92mwA==');
INSERT INTO "BING"."TXL_JICHUSHUJU" VALUES ('18CB52FC-2653-4C44-89BE-4E720B1252FE', '尹振武', '邮箱', 'VZaHtLf/clXQEFgPoaPXLZcDU9cfII5VtuZp/2o2EDDrpRSc/NEcrZCkuZSZPdmkXjfK/4zZS9bMcEVBeXEBIg==');
INSERT INTO "BING"."TXL_JICHUSHUJU" VALUES ('18CB52FC-2653-4C44-89BE-4E720B1252FE', '尹振武', '备注', 'MiDP+8kI/1O60uGb3RrW6MVKPxinhiW1wy1Qxhx9HWR9n4D+3BpWi/YtXJtrgpdhvKiEM9+2HQDENFpPLgrkNg==');
INSERT INTO "BING"."TXL_JICHUSHUJU" VALUES ('18CB52FC-2653-4C44-89BE-4E720B1252FE', '尹振武', '性别', 'MnuJ7mWbcoI0FxDHp0bWX1G95lr+j1EP4gxNadV46tEh+HFiKDZMSXlL7TaDHDrFKx6C+/c4QwQ0u2rn77driw==');
INSERT INTO "BING"."TXL_JICHUSHUJU" VALUES ('18CB52FC-2653-4C44-89BE-4E720B1252FE', '尹振武', '紧急联系人', 'Bwr57TqDGkHtNmrLLPdQe8Ris0ZjFENZJ2EqyP1XQE+vrwjwsLX3/fjIW1c3untUhKLkHdm7rSlvoyTgNTzr4Q==');
INSERT INTO "BING"."TXL_JICHUSHUJU" VALUES ('18CB52FC-2653-4C44-89BE-4E720B1252FE', '尹振武', '员工号', 'ZYQwdCWm1ttsq5XnCNtEHknz0AarDzg8guF1rSSyFdnFnKcFmQZGANs4M7PjTcN8ichoRfyTpgEOVzNSKInWOQ==');
INSERT INTO "BING"."TXL_JICHUSHUJU" VALUES ('6E42ED72-A48A-4951-B3F4-E261E4DEB965', '张致强', '公司', 'KOrlfyWNwPvSWnlO1hKOH46sL+e2PavdiwLPu9wjChHDdjwuw1pmbvX+v2+xYTByvIXMWBLGcwf7TBuRuO0mzw==');
INSERT INTO "BING"."TXL_JICHUSHUJU" VALUES ('6E42ED72-A48A-4951-B3F4-E261E4DEB965', '张致强', '手机', 'mgemoD375NxCe1p7uMIvXltca+LYnb7hv3eEQiNQwLGRzmcqX18Z4X/Q3KDfVRWKdFoox6+R2gNKgmWWmYnC6w==');
INSERT INTO "BING"."TXL_JICHUSHUJU" VALUES ('6E42ED72-A48A-4951-B3F4-E261E4DEB965', '张致强', '邮箱', 'm/nkfwjs6vzHwy1Bq3o0ruFDM+382aAh9sb/UdSSEb69PthcEI+982O5FnfF+IZsxyagzULOaWQU39bdSaBUJA==');
INSERT INTO "BING"."TXL_JICHUSHUJU" VALUES ('6E42ED72-A48A-4951-B3F4-E261E4DEB965', '张致强', '备注', 'hQ6Fbe7FCiC4k3UEzj/EBqOHWcFtPN9RNDC8Ma+iKUyJ46gb6AAzbC9aezbn5+83dH5yPODnOLUUCRjmAuFkhA==');
INSERT INTO "BING"."TXL_JICHUSHUJU" VALUES ('6E42ED72-A48A-4951-B3F4-E261E4DEB965', '张致强', '性别', 'XKxlMnhBisotsjPHhZdUS1/+DGO4JLX9tMiBQv4PZNQzDO9Jca6RKgauDe22//2kt37KjNBMuXU1pIRh8S50wQ==');
INSERT INTO "BING"."TXL_JICHUSHUJU" VALUES ('6E42ED72-A48A-4951-B3F4-E261E4DEB965', '张致强', '另一个手机', 'LXrfqnSTAvkWp6vd6jd7PvoMacjZ1EjZt6gHYOmRMe6qPakfHrodv0S9CyWjF4iaoIvhy9MBz/07Djdx8sdWeA==');
INSERT INTO "BING"."TXL_JICHUSHUJU" VALUES ('6E42ED72-A48A-4951-B3F4-E261E4DEB965', '张致强', '微信号', 'liQIGDNee6NrzdAu8G2bDvhfl7j+TY5KdghGucY/TmpdofJDu5JNG30nLolZVv+8cuXRNhLopO46Tv8199y5SA==');
INSERT INTO "BING"."TXL_JICHUSHUJU" VALUES ('6E42ED72-A48A-4951-B3F4-E261E4DEB965', '张致强', '拼音', 'Tnai6631N9cxQf9e3RhnQOyYeIE4/e3StxN4CvcGRe10cZ2rcV2ndMYn8vyS1+HOPAWqaNTjIHFeoabH6hCZRw==');
INSERT INTO "BING"."TXL_JICHUSHUJU" VALUES ('B068224D-0D62-48FA-9814-89D0D93868FD', '何文超', '拼音', 'jn+0rWBg18OwrH1bDjtsCMi54gRGoRGoL1jZkYm0YK1Pz+fQePtS6i+uv/wEhUV8fweRTd8KKn3eVXItnzYqiw==');
INSERT INTO "BING"."TXL_JICHUSHUJU" VALUES ('46810891-65D7-4F69-A7F5-204116C33AB9', '刘晓峥', '拼音', 'L0dBg4TFGhTgIjhX7GSwjpE5WPVulKxEcMtXZpR2NeRWX+f1FseIAMGcKXkTWWcFBKqhYgtyoCVWUhT1mb0FGA==');
INSERT INTO "BING"."TXL_JICHUSHUJU" VALUES ('46810891-65D7-4F69-A7F5-204116C33AB9', '刘晓峥', '公司', 'SHeMlJjCFeL5/JRA7CucsxUBF7x7nEgBrj+4If3q+LkATzPMEVKEC7qxZH4+X4EHaHoHVAur1bcffeVdARXBkw==');
INSERT INTO "BING"."TXL_JICHUSHUJU" VALUES ('46810891-65D7-4F69-A7F5-204116C33AB9', '刘晓峥', '手机', 'GHUqplzGXD0koj/US8/Z2dHyEqcoK5qcFQn60h/1uboSTMJld+aweqwfjUr+RrEI9XRDkj4OX2ruGrkq7Z48CQ==');
INSERT INTO "BING"."TXL_JICHUSHUJU" VALUES ('46810891-65D7-4F69-A7F5-204116C33AB9', '刘晓峥', '座机', 'hovEE+E4zeBIbDyDnmmkd46Nh86y7iGJVhG2y+xefu0GyRALISbDhKwMFblxnBg8A0YgkUpeNsOEBDYGzECKEQ==');
INSERT INTO "BING"."TXL_JICHUSHUJU" VALUES ('46810891-65D7-4F69-A7F5-204116C33AB9', '刘晓峥', '邮箱', 'hchfNXsO0AmDLUGKlEEoG9hsidSYLFVt+QJOo1EuII1z+ISMD/rg4xriQvh8xISnPQSyRMJ6esQwIsEWPXJ7Gg==');
INSERT INTO "BING"."TXL_JICHUSHUJU" VALUES ('46810891-65D7-4F69-A7F5-204116C33AB9', '刘晓峥', '备注', 'ChI1BROm6XPIxMWPko38/Lep7mlbt6Qv50U1qImYLRVMk9qDZAvT0vr+M7LAhq4M2YjDjg6r47H/XRmNYXRdBQ==');
INSERT INTO "BING"."TXL_JICHUSHUJU" VALUES ('46810891-65D7-4F69-A7F5-204116C33AB9', '刘晓峥', '性别', 'eGHfaAQcTum2zV4ONErW/UZAwVa6c0UfAqF3Uoo0mV2YPmK7XlAUv6X8wRhRe3F2Xt8vKoreYGgjDwMtu0ggmg==');
INSERT INTO "BING"."TXL_JICHUSHUJU" VALUES ('46810891-65D7-4F69-A7F5-204116C33AB9', '刘晓峥', '员工号', 'L1bc4iyE7M3bLR7mBmeq6Svy2DXbzXsyjGR4J62CriSGih/kS2FxZcQXH1i9bZcGlp8MdwuNd5ebt3EdlO8csA==');
INSERT INTO "BING"."TXL_JICHUSHUJU" VALUES ('46810891-65D7-4F69-A7F5-204116C33AB9', '刘晓峥', '紧急联系人', 'i7tEqps/0sgRhGj0+Aig4egKbh2X7ct0ClLHCvXNqaocYOtXV58zLIQh7ftr2Y2CoL6enFDVvAYqYv7iMeNX7A==');
INSERT INTO "BING"."TXL_JICHUSHUJU" VALUES ('B068224D-0D62-48FA-9814-89D0D93868FD', '何文超', '公司', 'dY4vqPOJMx4wAuSS9S046Cx7gW1+xF0D+VS+rgxlJkzLDRYpHkbKyEqF/NPl3RgW/UKCOVPmSZcu4eocB3sFZQ==');
INSERT INTO "BING"."TXL_JICHUSHUJU" VALUES ('B068224D-0D62-48FA-9814-89D0D93868FD', '何文超', '手机', 'PJ/e9Dhnu6c0g1PuCFywA32NhyuJ7ozBKCWN+MvEJiytqXysZhqEu40T1M2uk/NQnQyJs01SsPgybitrhdQMdQ==');
INSERT INTO "BING"."TXL_JICHUSHUJU" VALUES ('B068224D-0D62-48FA-9814-89D0D93868FD', '何文超', '座机', 'KhuFSIeabIDwzoUh+wqFrAXBeuWzXyE+y4Mx5VOHccZd4NjriWM//OcVpVf9LYklEadiXZnATKFMI6wO/2G9xA==');
INSERT INTO "BING"."TXL_JICHUSHUJU" VALUES ('B068224D-0D62-48FA-9814-89D0D93868FD', '何文超', '邮箱', 'fl6z9XarrjkYUwuqGZi1LgZDeoCJKI8Y/mUjrtRm8VF9CVzbGoNfBI42ZokcLmwenJyB99YmFsDPf/Qb3Hfnew==');
INSERT INTO "BING"."TXL_JICHUSHUJU" VALUES ('B068224D-0D62-48FA-9814-89D0D93868FD', '何文超', '备注', 'WASs3ioe1ZKI1/D/19vJeds49NC5bWJ6GizkZwq6owoM4joOwf52AHPtwgPQE+b2UWunwQjYU7FooszPVDMbUQ==');
INSERT INTO "BING"."TXL_JICHUSHUJU" VALUES ('B068224D-0D62-48FA-9814-89D0D93868FD', '何文超', '性别', 'c1VM38qBrWSdeeTh8dqtEpaW4tS6ZYVsgrDMTHR1Y8xq4jvJmDskm45nEted9V/pbRIpmsuNClqNLxGS8x3IAQ==');
INSERT INTO "BING"."TXL_JICHUSHUJU" VALUES ('B068224D-0D62-48FA-9814-89D0D93868FD', '何文超', '紧急联系人', 'dWA+VAoXYxNoahPtal/odj4/lt3xvF2eZFZfLCaZz2I+EOOEjdtjYoXgj1U3GkfwcojVfuaTIj7113aYZOE3UQ==');
INSERT INTO "BING"."TXL_JICHUSHUJU" VALUES ('B068224D-0D62-48FA-9814-89D0D93868FD', '何文超', '员工号', 'THPlTjsSXXwj0jsK1fgkJNX85ampLw42NtGSswNQy+70swThpK8oZ7QH66Wextl1uH3Pe3n6gJnr/vW4/hANjw==');
INSERT INTO "BING"."TXL_JICHUSHUJU" VALUES ('9AA40E82-F802-43AF-A580-ECE5F088A84A', '段树吉', '拼音', 'T2zpmfz2ylbL38iFHAWcMHCF3CQki3c9emyYHctaBTKMFy8af18sMWCuMU0m/x+9ZqBffGE3CiBedlOWLIuKPg==');
INSERT INTO "BING"."TXL_JICHUSHUJU" VALUES ('9AA40E82-F802-43AF-A580-ECE5F088A84A', '段树吉', '公司', 'Ox6s0BD7sZSrS7uX8eCiRkFNRtLOyZswHjh6Aub9ki3OWk3Gv1XtJLqFBqf6UiDG4eR6nK3w2owAIVWfUT0uJA==');
INSERT INTO "BING"."TXL_JICHUSHUJU" VALUES ('9AA40E82-F802-43AF-A580-ECE5F088A84A', '段树吉', '手机', 'AJ6OZgtJKJui9a2osgKH3OTdT8uU/RDhmfxwnVCJUummaXOym+5L9GieQ2pCS3ir/sdtmH49TH0XFlmsDPNKKA==');
INSERT INTO "BING"."TXL_JICHUSHUJU" VALUES ('9AA40E82-F802-43AF-A580-ECE5F088A84A', '段树吉', '座机', 'b24DFsO6c39Ly/R1tuB6Lwt8zFByKCvt/1X5UYvIMHZxN2x4Y8db7fRZ71hmqFIwQH44+KWuqSRf+/htvhtRKg==');
INSERT INTO "BING"."TXL_JICHUSHUJU" VALUES ('9AA40E82-F802-43AF-A580-ECE5F088A84A', '段树吉', '邮箱', 'NoZBTLd8GBsDtbyuE2wHbJR1t8VN4b/0HogYbdZJzrHwx96zpMAmuATQ+OWrYK/O4ANhxWL5T+DkxwbuJ5M3Yg==');
INSERT INTO "BING"."TXL_JICHUSHUJU" VALUES ('9AA40E82-F802-43AF-A580-ECE5F088A84A', '段树吉', '备注', 'GdW/yfMJ+PEj6PPLXnDnY3af1qYHNcW2Eyh6D26t12rPOEd1OSteW8mbYtexyo4mvKTpEfNrw5YQSWquix82Dg==');
INSERT INTO "BING"."TXL_JICHUSHUJU" VALUES ('9AA40E82-F802-43AF-A580-ECE5F088A84A', '段树吉', '性别', 'M/36I672Czy638H/1ZoU5cChfsP14y4Bs7oeRS8W1WZ7+jGN9bmFw981Nllru6dKKyTcs35o05aluKRfVnt9aA==');
INSERT INTO "BING"."TXL_JICHUSHUJU" VALUES ('9AA40E82-F802-43AF-A580-ECE5F088A84A', '段树吉', '员工号', 'FH29Zwd05jAmBI109KJiXZn/0/E7YLB7VWNoV7GuOcb6PthuqnSz0u4Hh30oRlTof1l57qlE3yLkMMhRyEt+bw==');
INSERT INTO "BING"."TXL_JICHUSHUJU" VALUES ('9AA40E82-F802-43AF-A580-ECE5F088A84A', '段树吉', '紧急联系人', 'UQGHWeLFtYROdLVFro/6DZ/nV2FrfJeiP5/Ml9LrhVxjKMJWizveO0uKHOEYJEclsHjGKyFZUTgpU7ecP7iXaA==');
INSERT INTO "BING"."TXL_JICHUSHUJU" VALUES ('F4205928-8094-401E-81BE-883AEE70200A', '张荣', '拼音', 'LxSY+0yXwxIdHOkVnFxNm3spL7ENXvjm8J5nwky0RldovoAh1JWHFTwz0sJy13+9Pt6ahdp5xUE8PO59gflINg==');
INSERT INTO "BING"."TXL_JICHUSHUJU" VALUES ('F4205928-8094-401E-81BE-883AEE70200A', '张荣', '公司', 'lsKJSsfVBG7h2TbhcNf1PL8v8ZfjYImE+HAcPtkSmCMVLzRMFKiihVD6eDgXYchBowDIAZx+LYV1lEURz0c5iw==');
INSERT INTO "BING"."TXL_JICHUSHUJU" VALUES ('F4205928-8094-401E-81BE-883AEE70200A', '张荣', '手机', 'PEM0BU1kfqz0A3H8yHIACtxJ9gQa4EqRYQfiaKSzbDLegrgKTci4/bJp9uXl7lloflht1Q15jeRPNWSHnIUn5A==');
INSERT INTO "BING"."TXL_JICHUSHUJU" VALUES ('F4205928-8094-401E-81BE-883AEE70200A', '张荣', '座机', 'R9or28VboMobvx/TMRkIp1gMgPOMWvoSEvBo010HeHYuhNLuHtGm7O8aBsgd+QfK/N6+eJ78hzq/LUDwiY4jqQ==');
INSERT INTO "BING"."TXL_JICHUSHUJU" VALUES ('F4205928-8094-401E-81BE-883AEE70200A', '张荣', '邮箱', 'ORvC38kRFxlP3RbIRqNvEHgBSeI+BYUIxMoXOpHwzJltm2JLR2Svag5DvfrXX+Puk8MRQU7SU/zPhDUKqDKkPw==');
INSERT INTO "BING"."TXL_JICHUSHUJU" VALUES ('F4205928-8094-401E-81BE-883AEE70200A', '张荣', '备注', 'ZNtU4AyAOmbe1vcYy0nUQsy8CisXaIdbv3Y0qbyiMEjF+y8tKhtZC2xpht8JsUdjQJJZE+xHeyHU/4imlYvDug==');
INSERT INTO "BING"."TXL_JICHUSHUJU" VALUES ('F4205928-8094-401E-81BE-883AEE70200A', '张荣', '性别', 'RMLVTKHvLqlDWTPXkPlXHK0/I77umchb8rmmuN6zWBPRDpr8wLGft4KGN0TB5+J16Cu6Y/YSkAGk5eKx5N1cOg==');
INSERT INTO "BING"."TXL_JICHUSHUJU" VALUES ('F4205928-8094-401E-81BE-883AEE70200A', '张荣', '员工号', 'SgCODRiNPAm2l5uuimOpjQXn15mZ4Du8993nXvgDIsxU0isD2kfgMwgvNGpDbba+yXxM46SowrOkGWUAh7WBvg==');
INSERT INTO "BING"."TXL_JICHUSHUJU" VALUES ('F4205928-8094-401E-81BE-883AEE70200A', '张荣', '紧急联系人', 'UUz0bM0WO6HMishZYnrPOaH+3151whLCh9CwTkOp3By/lYrXFHEVimmgnqH84kI8Pb9sm0IuO4DtGgfLlw0N9A==');
INSERT INTO "BING"."TXL_JICHUSHUJU" VALUES ('1E459357-C8D7-4E75-BE53-B7F926EA2CD1', '王炳哲', '公司', 'EgQj1o9HUMVRT4kK9onWcQHqD8y9UF5WSblTUbnsXI+MwiXmQo1LXtkQtXVoxOBSRG4riCmtWg1FBkgrbRrgaw==');
INSERT INTO "BING"."TXL_JICHUSHUJU" VALUES ('1E459357-C8D7-4E75-BE53-B7F926EA2CD1', '王炳哲', '手机', 'VtR0LskNPN5PSw7Y6Lh5yqzjlzcMOBW11R79XcmMZNcAuxR6PNL2LYZeHhzhTT7s6dU/LBaKwvFq3hEcCxZX7g==');
INSERT INTO "BING"."TXL_JICHUSHUJU" VALUES ('1E459357-C8D7-4E75-BE53-B7F926EA2CD1', '王炳哲', '座机', 'QQumA5UtDgOM/CdH9bq614Lu0EJYWkrzOBzEzs8eL0dvSeP+JWf5SqwZHShxj/09dQoI/wRX8KzmzgoWmGH9Tw==');
INSERT INTO "BING"."TXL_JICHUSHUJU" VALUES ('1E459357-C8D7-4E75-BE53-B7F926EA2CD1', '王炳哲', '邮箱', 'mSudeYD33hkCXY9X8RVGlLrh1MwGyE4GVjf5KpApEFeuhurV0r3C7rDbTo8pLZR4hU4PdhmsTcQtAsmOIP0KtQ==');
INSERT INTO "BING"."TXL_JICHUSHUJU" VALUES ('1E459357-C8D7-4E75-BE53-B7F926EA2CD1', '王炳哲', '备注', 'PdRbAB62vAW20DWGYwAdtWFX+7m2G9hyoH0OoEDmY66LG7aGc9bOfD3bqyO5DcpzE46ZbP7zomYwZYyYZgStuQ==');
INSERT INTO "BING"."TXL_JICHUSHUJU" VALUES ('1E459357-C8D7-4E75-BE53-B7F926EA2CD1', '王炳哲', '性别', 'd0xjb91toxUKKN11h298P0DWTPgrn7sPmgl3RmSHE0f5wIF2PjsmrLRxOiDeViGVt9T6wp6QPN8YTke0674T3w==');
INSERT INTO "BING"."TXL_JICHUSHUJU" VALUES ('1E459357-C8D7-4E75-BE53-B7F926EA2CD1', '王炳哲', '豆瓣', 'RjUHmlYWUmbHxfo293acnu9c9MFKN/cZ4NFwA/NCkAb8axJ0mGo52X2d02fN/touF8nfh+lm9EEEPxwEMVQRPQ==');
INSERT INTO "BING"."TXL_JICHUSHUJU" VALUES ('1E459357-C8D7-4E75-BE53-B7F926EA2CD1', '王炳哲', '微博', 'l36wfL8+OsQyFXbN0W/cS4iKD7ityV5krNf2PzfQXduRxWGezC0qb1Sv7O8RM6zzCsBeVMT3QzmWvuDNITvgvg==');
INSERT INTO "BING"."TXL_JICHUSHUJU" VALUES ('1E459357-C8D7-4E75-BE53-B7F926EA2CD1', '王炳哲', '百度地图', 'HuBxiZh8zzo9CEgZnmqOs+FQMxeV3UPBCiqFpq+KTRuDh8x+gWH5XDyo4V839x2ZfF5ySh/Na2V0sdQGTIjmdg==');
INSERT INTO "BING"."TXL_JICHUSHUJU" VALUES ('1E459357-C8D7-4E75-BE53-B7F926EA2CD1', '王炳哲', '高德地图', 'Wk/kGeBfT2XhTe1YnX2dQFhhZxF+HiLxdlYYgPht9FbKrmfPVY0MDQbF2j+8fq35nc1aw6TZPON7q/H2EVjy9w==');
INSERT INTO "BING"."TXL_JICHUSHUJU" VALUES ('1E459357-C8D7-4E75-BE53-B7F926EA2CD1', '王炳哲', '员工号', 'LvTCdHelPgfDe/ysdGQtpd3spuA1qCdlEoHR58yoeAJYC+QR1dr29GldJ2hlkiOvjPtDe9CyLmFZyDMku7ciKg==');
INSERT INTO "BING"."TXL_JICHUSHUJU" VALUES ('1E459357-C8D7-4E75-BE53-B7F926EA2CD1', '王炳哲', '紧急联系人', 'gpT1j5tWg8AM8IgSeS5LeiwfM2OV8uGouNbTqb+AhjpxXOBBqTEKe0lLTnAn8TzH1ARQ6zrvv+ebEIRKVpt0CA==');
INSERT INTO "BING"."TXL_JICHUSHUJU" VALUES ('1E459357-C8D7-4E75-BE53-B7F926EA2CD1', '王炳哲', 'QQ', 'BxGMahCCtBNjvP30SgZ8kfiSAdBi+bdNSoKrmIliUSHhEHcXkdEmovM+oFHQ2X6KLDe+RVK11iWFD3vJKLfkuQ==');
INSERT INTO "BING"."TXL_JICHUSHUJU" VALUES ('1E459357-C8D7-4E75-BE53-B7F926EA2CD1', '王炳哲', '微信号', 'OiNb9f07wobxuT7cb70qkqte7U5eU0hwadOLTYP3JYP6LOPMoEFwKMjQIKJQ6+IZPlnJXC1kpXwJuBcxOrj+iQ==');
INSERT INTO "BING"."TXL_JICHUSHUJU" VALUES ('1E459357-C8D7-4E75-BE53-B7F926EA2CD1', '王炳哲', 'Reddit', 'SpFgpjj0dQI6YNy+jI0/quCVP/VyJ3KmRs1icv9qBryPJgBr6eDJwPX9eqAZl/tC6QNBsMk3Wml9f8tEMCVH+A==');
INSERT INTO "BING"."TXL_JICHUSHUJU" VALUES ('67F2575B-6188-4A78-A19C-17DF6D2F6C1E', '方楠', '拼音', 'KYD20jhcqTotDz27YIrC93/5f/lbHj01Szxg1UX2jjzxSx7IWe9eoHjewpYIQZXvj1ZSAZ45UsIqJkAvMPrDdQ==');
INSERT INTO "BING"."TXL_JICHUSHUJU" VALUES ('1E459357-C8D7-4E75-BE53-B7F926EA2CD1', '王炳哲', '拼音', 'chfZS/gg5QBJnQGqZWnbA2f7v4o8PTxZLnobY3hGuVqp4CrVipCIkq5vq0eto1OwLC6lXxXx6kzJWzNgckaqSg==');
INSERT INTO "BING"."TXL_JICHUSHUJU" VALUES ('7B528F6F-B08B-4884-84E3-A0BD1551D82D', '赵岩', '座机', 'PwW49+acspvNL2mi59yvvMEijQuafRMgjTJCDtlPugAtPIypZDyV507LiBnfr7Dj0ju9uUnbR+SeQHcSNzttzQ==');
INSERT INTO "BING"."TXL_JICHUSHUJU" VALUES ('7B528F6F-B08B-4884-84E3-A0BD1551D82D', '赵岩', '邮箱', 'eRSMKQuw8wMaDoenr43TWmWXlzy+RdEDt9iyBiLEQh7jF+SBVt7KffMi/OW/kM8ScbRh0No7rMBs3y27zEDisQ==');
INSERT INTO "BING"."TXL_JICHUSHUJU" VALUES ('7B528F6F-B08B-4884-84E3-A0BD1551D82D', '赵岩', '备注', 'DCJz5oSP5JQJVfPSqZigKzc6xVrNRDPWy5xzBhNrbvT13LTKOYl5Ew7/CJGAt745NhnJKRgRAgDwfMRZSvgIng==');
INSERT INTO "BING"."TXL_JICHUSHUJU" VALUES ('7B528F6F-B08B-4884-84E3-A0BD1551D82D', '赵岩', '性别', 'milTS8sTYdYiq5iaK7312ngca3qpV5qYw9716CZPy0oeYn0+4ghpY2xKz4od1DcKDwMfA8QrAaOn6+7rZI87Og==');
INSERT INTO "BING"."TXL_JICHUSHUJU" VALUES ('7B528F6F-B08B-4884-84E3-A0BD1551D82D', '赵岩', '员工号', 'NFwqzqmFKh97C+/R6961t9uchhDCnWg/zmqxbW/1j70+748Ng5WR1WKRLjluj3h0RtuXe/aALcTcHf27IxejnQ==');
INSERT INTO "BING"."TXL_JICHUSHUJU" VALUES ('0A68163F-0AD3-4D04-A399-123E42425FED', '赵宇娇', '拼音', 'HX+Iv21Jz/AyLxP2GJSPfnqZeCiWt8evtHihHO2qa9BrgvIaXDwBJyUVUg1K8HGd4GNJp4MB0T4sH2nUqpaUuA==');
INSERT INTO "BING"."TXL_JICHUSHUJU" VALUES ('0A68163F-0AD3-4D04-A399-123E42425FED', '赵宇娇', '公司', 'NLX22D4u6R1RzUWnh5oi+aLG0hWLktdVZAKcPytKmTrH2Un6NFuJLekTh0t/ic+eljMtUwcEHIvJWvtoKFXbpA==');
INSERT INTO "BING"."TXL_JICHUSHUJU" VALUES ('0A68163F-0AD3-4D04-A399-123E42425FED', '赵宇娇', '手机', 'jCHXlIEbsbxniNRUHjbn2/z+yv1Cj7hwzLTLICahu819lTs0u0/av9IJKvzUPJwv4NOsFN2i/T0v4T8ZgyUm7Q==');
INSERT INTO "BING"."TXL_JICHUSHUJU" VALUES ('0A68163F-0AD3-4D04-A399-123E42425FED', '赵宇娇', '座机', 'FUWFazbRmDFy1PDOfsv8OO/uDorDaJ4UazcSKLQd7QFpJ4dmTUNN1J1I3TjLy5vaFNOBFPyEzIwM5TLDS9nlXQ==');
INSERT INTO "BING"."TXL_JICHUSHUJU" VALUES ('0E06D727-DB16-46F6-BD45-97907C86123B', '全勇翰', '拼音', 'ikqZyczDA8+dTDZtrTdIkoECkj2oTatTNRBynf/hxXxlM5z6hPOhCqOihqtgjgTMuPjYmysF2Ud8LuUGziu8MA==');
INSERT INTO "BING"."TXL_JICHUSHUJU" VALUES ('0E06D727-DB16-46F6-BD45-97907C86123B', '全勇翰', '公司', 'mMFhiU6rHj+9dsQJGWbBSaU5VKkZcKuvnag/P/2/rlfLZ4DpnXNwG+A7lfEZ2sXULLuKHiFxh9D/v9KD9ETipQ==');
INSERT INTO "BING"."TXL_JICHUSHUJU" VALUES ('0E06D727-DB16-46F6-BD45-97907C86123B', '全勇翰', '手机', 'AjfhQSLz2QTRUp/ggZ+CJ0ChIrA2hZgOnRkAzQtyoQw1xJiD17+Qe90LEgW65AKVmqqljFTS7ChR9QeWgiyf2Q==');
INSERT INTO "BING"."TXL_JICHUSHUJU" VALUES ('0E06D727-DB16-46F6-BD45-97907C86123B', '全勇翰', '座机', 'dGiycWum4XLwLiQIGGddEbMtIcJ2AqbRVc1KNPXBHojLfAIcQOTbg0kDC1ww9dyG0hty6ok1huBhXJpWUZv/Dw==');
INSERT INTO "BING"."TXL_JICHUSHUJU" VALUES ('0E06D727-DB16-46F6-BD45-97907C86123B', '全勇翰', '邮箱', 'HdGFMtlR/zMXtMwo8N18/rlz5jNwVj5XfR1RbDGDt1pzpyjnv7cotQ55d0Wqg368xZB7qdt56bSJIRkke+wVbg==');
INSERT INTO "BING"."TXL_JICHUSHUJU" VALUES ('0E06D727-DB16-46F6-BD45-97907C86123B', '全勇翰', '备注', 'VJV3NahRpMhejConFUKh2xa8lhM6lugNHrK0ZdeKw+LTbb61OiFx+gFZhtrue3+fLsOHKTu1Vv4E4hoqkRxQYg==');
INSERT INTO "BING"."TXL_JICHUSHUJU" VALUES ('0E06D727-DB16-46F6-BD45-97907C86123B', '全勇翰', '性别', 'AnRop5jnOf+IXOEIs5QnCT8iAHkzf4FHmRA1y2JSyKhqE8ZBrvdz/AfVtovB0KhRtMZEQms2l7xoXcd/iL1DhQ==');
INSERT INTO "BING"."TXL_JICHUSHUJU" VALUES ('0E06D727-DB16-46F6-BD45-97907C86123B', '全勇翰', '员工号', 'N/9T4GDQcHY5oEkWSx33uMIZ2WzAGTZsBCORD2852pI/e3LSkZJi0uAkoviLtUcAHoya//favrEQz3Ml/xJbmg==');
INSERT INTO "BING"."TXL_JICHUSHUJU" VALUES ('0E06D727-DB16-46F6-BD45-97907C86123B', '全勇翰', '紧急联系人', 'BV4n++fvWtAZaxMKn/aietSvLQZkurRf3R0ZkI5JuL+2Y4CuCRW45WfGipI9P3Uh5IvG2xwxB4g+/Pri2BSd8g==');
INSERT INTO "BING"."TXL_JICHUSHUJU" VALUES ('0A68163F-0AD3-4D04-A399-123E42425FED', '赵宇娇', '邮箱', 'Rw8/Pikh+OgCQTkuEByAcJocuuvP1DcUNIPtcIDia+hXjWIGBduD+SVSv2rKVPyqV2CeCRm71TfCqEHaOKC5ZQ==');
INSERT INTO "BING"."TXL_JICHUSHUJU" VALUES ('0A9C56C5-9647-4869-B0D0-FD7D4461F580', '刘硕', '公司', 'MNaaHj5U8SlIqDGKEifY1188kky3kR4VKGuEfJ1a5cd1BCwGicUdFFFrLVYPLqJRNBnlSxsxhb9ryA6y9RO+2w==');
INSERT INTO "BING"."TXL_JICHUSHUJU" VALUES ('0A9C56C5-9647-4869-B0D0-FD7D4461F580', '刘硕', '手机', 'Rkw8H6Ek6Do4RTRsRODzD0qQaQwkJd7E29Q5rFIFWr7tVsBbar4gX1v2v1U74dTyi5lmxjQMYAUgD/77HhgqWw==');
INSERT INTO "BING"."TXL_JICHUSHUJU" VALUES ('0A9C56C5-9647-4869-B0D0-FD7D4461F580', '刘硕', '拼音', 'hACI5NwLMOCQzrGt8gbhvrUNn4odecFEpgC5V1nh12DdE2YC7e4jdB3b6xPBH1KUU30QB0pTQjtQwsYw79KENQ==');
INSERT INTO "BING"."TXL_JICHUSHUJU" VALUES ('0A9C56C5-9647-4869-B0D0-FD7D4461F580', '刘硕', '座机', 'TAbjEjEg4kgpwcaKJsE+QJrh4bJ2tIC12oL5N4vK3T8Y3I77CCzmHVLbRW8qB5oOlGqRXWRQriNuXYQKdhQpcQ==');
INSERT INTO "BING"."TXL_JICHUSHUJU" VALUES ('0A9C56C5-9647-4869-B0D0-FD7D4461F580', '刘硕', '备注', 'SkBhNaY3FGvwcc6MMHDmLAPrD6Y/bc1YvDF5JIjV9g88fWwAgSZa1/4/S3mKO1b5HQXSxchjc75Mj7e5GedniQ==');
INSERT INTO "BING"."TXL_JICHUSHUJU" VALUES ('0A9C56C5-9647-4869-B0D0-FD7D4461F580', '刘硕', '性别', 'lokXl3/9UBKbmdynVeTr3hp6m4yyOxqlKCjoJ7lsdbjFcuOxntqYwMY2dKnSQJsIs0RyzQN5B81NpgkcfSkfDQ==');
INSERT INTO "BING"."TXL_JICHUSHUJU" VALUES ('0A68163F-0AD3-4D04-A399-123E42425FED', '赵宇娇', '备注', 'ZbyamiRmzrwX4tlVPhWEAGv1yE6fxqFBpfooCtFf+uIllLqwcCtxFA1nBAQvekud651+GJCJ3uNj30hFkHRG9Q==');
INSERT INTO "BING"."TXL_JICHUSHUJU" VALUES ('4B60FF71-B594-41AB-A008-7DB331F9166E', '李伟', '邮箱', 'csakjwb3JSLJRm8CYXUY3MKqFDgqJG7uTkktBJbWZRqyFdEuiu2/MbEIFlEk+VYGkC4MD+VdPOBHqhhucRRhmA==');
INSERT INTO "BING"."TXL_JICHUSHUJU" VALUES ('0A68163F-0AD3-4D04-A399-123E42425FED', '赵宇娇', '性别', 'FXWZvQZaegqZi5PZHo2392XrD39F9a0DRnOmgiQtL5A2q8XEp23U5IuSyOnTwQaJ8kl1XhchqRGSgOIdQAxkug==');
INSERT INTO "BING"."TXL_JICHUSHUJU" VALUES ('0A68163F-0AD3-4D04-A399-123E42425FED', '赵宇娇', '员工号', 'LJAawHNQzjsXPZUrWwfF/Ji2SkkmV4hIxzcihr66Y97fkxEi054hrWy9+/D0Pe2wgVSs5WPx72dwFPMlo/2s0w==');
INSERT INTO "BING"."TXL_JICHUSHUJU" VALUES ('0A9C56C5-9647-4869-B0D0-FD7D4461F580', '刘硕', '邮箱', 'SaMoOgDt0byvBSMoywPmP7PRq3SZZjtcU/QN3IOtnuFFAoFaQILGdFQQPolBnkhSetZXJjkRqNvVWS3kjgFaTw==');
INSERT INTO "BING"."TXL_JICHUSHUJU" VALUES ('3CE21A86-F037-48DE-B6D4-3F8DCF66E13A', '季超', '拼音', 'UNBnw6qKJVDKLP8Nv4v62fPO8FChd7uqyYIVXpUNpgK2mh3Ltet5AL26akgLRaEyKbTIKAjC7uIw0xfbBNtsZg==');
INSERT INTO "BING"."TXL_JICHUSHUJU" VALUES ('5197590A-D46C-4D9A-9C20-51AD81A19869', '夏玥', '拼音', 'aqF6U5TFIO9bMgk8YxjTgDRGG4p1ii2SIT4KYi4/uXHmFnZgE9z1NY0dR7e4GZtYEFkl08t3oHKqDOIlolLhEw==');
INSERT INTO "BING"."TXL_JICHUSHUJU" VALUES ('2A888786-6F6A-4C34-BAA6-4834457A3FE1', '孙柏林', '拼音', 'C/jagNBm5c/ALuySiMIpRnHfvO4i18KH5x9IYRf62U1H3AfQ7+qe7lSTH3Ezg+ua68lg2Xt1sJv6GO4hyYdoWA==');
INSERT INTO "BING"."TXL_JICHUSHUJU" VALUES ('2A888786-6F6A-4C34-BAA6-4834457A3FE1', '孙柏林', '公司', 'WAVwmLdaOeLlJsobc7bcyNCXcCVybZUhycBFI/7JfqyYGC9qdl4NXpGgssJZdgD6lGycgNRLOwpyYZM+Mhnz2A==');
INSERT INTO "BING"."TXL_JICHUSHUJU" VALUES ('2A888786-6F6A-4C34-BAA6-4834457A3FE1', '孙柏林', '手机', 'FQyd1xtefxUwDy6HPbPoBWnTrb7yL3oNLNyv78nVK8JKCFrTpBD8vpqvC9/j96hb4MdqO3SNE2uZ8eCUodNZpg==');
INSERT INTO "BING"."TXL_JICHUSHUJU" VALUES ('2A888786-6F6A-4C34-BAA6-4834457A3FE1', '孙柏林', '座机', 'AVAddcan+A09AXt/ZRaoCvQGmXN6uKecU8m+5vUUI+ZyZw2wf7o7g9OQmGi5w6THg9iLxzKSjcv3KaIyFj6D+Q==');
INSERT INTO "BING"."TXL_JICHUSHUJU" VALUES ('2A888786-6F6A-4C34-BAA6-4834457A3FE1', '孙柏林', '邮箱', 'effHpuBGDbVX+WybkjfByeuJnE7jcHm2t8yAIJ8XWMP1OURgb88s651g8+VMePpGIsYrclKZYB5TT2XXQXPhrg==');
INSERT INTO "BING"."TXL_JICHUSHUJU" VALUES ('2A888786-6F6A-4C34-BAA6-4834457A3FE1', '孙柏林', '备注', 'aT1v21P9QA2duXieWizA76VjWeeUmPNpqcfp48BfMmL1HhFHKh0q5o2KmjvQJotYYWdlqz5MMIFlcbs9pwqNDw==');
INSERT INTO "BING"."TXL_JICHUSHUJU" VALUES ('2A888786-6F6A-4C34-BAA6-4834457A3FE1', '孙柏林', '性别', 'U1GI6vF4nGBh1sz5Bx8FEsSGaFmWCe4mkPuQic5VNiYOw+Yq4ePbIRLNVEuAZYC/vuDoRFdBJHSJv/2qOVy3uQ==');
INSERT INTO "BING"."TXL_JICHUSHUJU" VALUES ('2A888786-6F6A-4C34-BAA6-4834457A3FE1', '孙柏林', '员工号', 'DfORkVCYK7TBAwl0+vIedPWM3v3yowDNyKxB7c+F2Lv7CXi0UWAsk32FFJydJca+3hFalXgaIPtQTYu1+/h8Qg==');
INSERT INTO "BING"."TXL_JICHUSHUJU" VALUES ('2A888786-6F6A-4C34-BAA6-4834457A3FE1', '孙柏林', '紧急联系人', 'DaqPUTZ+UF7swVtF2KkWy0lj4FZ9AXAtFoueOpAKz8zVOwpimDz3aKotiq0HtxzMkQkIlfvGu14PGBuThfcasw==');
INSERT INTO "BING"."TXL_JICHUSHUJU" VALUES ('5197590A-D46C-4D9A-9C20-51AD81A19869', '夏玥', '公司', 'dv+yXX0lxffr/dH/qfEfeJwUuMFmI7CztTlOLhemP9uzjEf9lUZIPqyaAFg30+u4SdRAxU59dq3goSYy5CmwBQ==');
INSERT INTO "BING"."TXL_JICHUSHUJU" VALUES ('5197590A-D46C-4D9A-9C20-51AD81A19869', '夏玥', '手机', 'IjiCMcTCTNsDK9pooft3Vg+98oQM9fesFEhw95t5kdP6xgPf9pwYx+3C/gueaI4QEKTKji9HyUxtmyzSsybDZA==');
INSERT INTO "BING"."TXL_JICHUSHUJU" VALUES ('5197590A-D46C-4D9A-9C20-51AD81A19869', '夏玥', '座机', 'OxUjvpSP3UwWhtUhxoXwSAgAzdhlykHInYLxyx2TolF40InSx39R2qG2B1QYWFFm1vdqhF48fcWM75aKsjrejA==');
INSERT INTO "BING"."TXL_JICHUSHUJU" VALUES ('5197590A-D46C-4D9A-9C20-51AD81A19869', '夏玥', '邮箱', 'Fg7RhITk90iX75R2PArLnJL7TnKN5Vl1jsvTXmTqvR9C+uztKWClwaG9o5HpDjsdwlqOQxf2yLkh7dzP5GXABg==');
INSERT INTO "BING"."TXL_JICHUSHUJU" VALUES ('5197590A-D46C-4D9A-9C20-51AD81A19869', '夏玥', '备注', 'lxrW0GCWqZMKdj5tbEoczsiQPxz0rWjAS83HPp2iGnwql5tvy9y0tfp/Vq7FjLpBMkGNPDnJCBMq1VtZnjHqtw==');
INSERT INTO "BING"."TXL_JICHUSHUJU" VALUES ('5197590A-D46C-4D9A-9C20-51AD81A19869', '夏玥', '性别', 'aQCnmhx2Zr2dk2yBVHVCjvjTLHOqcindk0OhoEnrdmucEM6eIqX425hVbMI5trZCc6hj4ArMLwHBsxkafYU1zQ==');
INSERT INTO "BING"."TXL_JICHUSHUJU" VALUES ('5197590A-D46C-4D9A-9C20-51AD81A19869', '夏玥', '员工号', 'FDBALViNWpNrjRDRanmBtx2Wu/R3VRB+cEEE5E1z37ZDJsFwzjdNlb4S/iBJVhlUtlZFS/ikkZL2U0WSv3u3TA==');
INSERT INTO "BING"."TXL_JICHUSHUJU" VALUES ('5197590A-D46C-4D9A-9C20-51AD81A19869', '夏玥', '紧急联系人', 'kPJIz6yPb/eDNv/FeS63M0dc6ETdGn+Ed1Kly4cz6/qVHH1VKhaw2mIjsYiEXRyJTcGl0QilD+Z1xWdUOjemKg==');
INSERT INTO "BING"."TXL_JICHUSHUJU" VALUES ('67F2575B-6188-4A78-A19C-17DF6D2F6C1E', '方楠', '公司', 'f7VaF5v/wBtrq3sQKocRa0pLAaBaomjmCsMOVRhz7XUTxozOV0QJULC2LhckpAIw+QsU2w18VR6hYuwYHwLgHg==');
INSERT INTO "BING"."TXL_JICHUSHUJU" VALUES ('67F2575B-6188-4A78-A19C-17DF6D2F6C1E', '方楠', '手机', 'mlWwaNLynt/6U7QVAhV0g09cw97GCKzVBEn1vZja9v2xLQQi7hQOhgG8Gf5bTSoVLHqJTbfh68YRW//fQlhOZw==');
INSERT INTO "BING"."TXL_JICHUSHUJU" VALUES ('67F2575B-6188-4A78-A19C-17DF6D2F6C1E', '方楠', '座机', 'U5HItsm1U0UR2ut1EhCPsONbOFfquvUhHUU/HfLsLC8uZJ2PsCuCNnQIzoeEjV0G7NrfO2CXBnQzOPctc0K6cQ==');
INSERT INTO "BING"."TXL_JICHUSHUJU" VALUES ('67F2575B-6188-4A78-A19C-17DF6D2F6C1E', '方楠', '邮箱', 'gzGHt0sK+oNr7vvSir1TZbpE7f2ruqz9OPr6CtlUn8z4wgWTgUe+Zy40HwbN0jDBlzYJdmj4fgkQT+I9a5D5KA==');
INSERT INTO "BING"."TXL_JICHUSHUJU" VALUES ('67F2575B-6188-4A78-A19C-17DF6D2F6C1E', '方楠', '备注', 'ehkBZK2dgbxJC8fHihEtTnp8a1XGfjP2CrDr+BVIvLbKF+9QA12/K1m5tFDC/YKjzXHEbqe/yq8X4DUoPwi0rA==');
INSERT INTO "BING"."TXL_JICHUSHUJU" VALUES ('67F2575B-6188-4A78-A19C-17DF6D2F6C1E', '方楠', '性别', 'V8uj4kOAGH9+m6LKnATsG/+Ysy4JxCtSE1iRHVTJE9on3dw/IsCYGwc1dFMghWnXseTiXWsUwLiNeI0NtrNw0Q==');
INSERT INTO "BING"."TXL_JICHUSHUJU" VALUES ('67F2575B-6188-4A78-A19C-17DF6D2F6C1E', '方楠', '地址', 'WV6hAxv9g+DaytApt5jGGooI3Rv2MSVytw4iaLd3Iu2a7iVkb5XMkljY/Z2OjXoEBxsvN55y5w00WwdR9F8qug==');
INSERT INTO "BING"."TXL_JICHUSHUJU" VALUES ('67F2575B-6188-4A78-A19C-17DF6D2F6C1E', '方楠', '邮编', 'jqUB4Lr11GRCOC0koMDB9ctIRaa5fecgnUenGJTLl/AzW9QmwYsg1NGKr3FEgVx3qx+N+9rnEd9HJsjbkbJ1Uw==');
INSERT INTO "BING"."TXL_JICHUSHUJU" VALUES ('67F2575B-6188-4A78-A19C-17DF6D2F6C1E', '方楠', '传真', 'f8eIO3V1PbbfUCxzj5KEyPyHPN/JoOQsgLJyHVkU/Yx9Zay7mmzskUVq+2tUreyfZcUwo4yamuVWq0050ej2OA==');

-- ----------------------------
-- Table structure for TXL_USER
-- ----------------------------
DROP TABLE "BING"."TXL_USER";
CREATE TABLE "BING"."TXL_USER" (
"USER_ID" NVARCHAR2(50) NOT NULL ,
"USER_NAME" NVARCHAR2(50) NOT NULL ,
"PASS" NVARCHAR2(50) NOT NULL ,
"USER_TYPE" NUMBER(1) NOT NULL ,
"FAILED_LOGINS" NUMBER(1) NULL ,
"LAST_IP" NVARCHAR2(15) NULL ,
"EMAIL" NVARCHAR2(50) NULL 
)
LOGGING
NOCOMPRESS
NOCACHE

;

-- ----------------------------
-- Records of TXL_USER
-- ----------------------------
INSERT INTO "BING"."TXL_USER" VALUES ('bing', '炳', '4c6782ffacccfebe7263ca629225a16d', '2', '0', '10.37.94.129', '9061@163.com');
INSERT INTO "BING"."TXL_USER" VALUES ('0709072', '张鹏', '4c6782ffacccfebe7263ca629225a16d', '2', '0', '10.37.94.62', 'zhangp@bhmc.com.cn');
INSERT INTO "BING"."TXL_USER" VALUES ('1209435', '王炳哲', '4c6782ffacccfebe7263ca629225a16d', '2', '0', '10.37.94.129', '9061@163.com');
INSERT INTO "BING"."TXL_USER" VALUES ('1107261', '何文超', '8f0d65adb733c0f0896a65a7b4b05153', '1', null, null, 'hewc@bhmc.com.cn');
INSERT INTO "BING"."TXL_USER" VALUES ('71609001', '全勇翰', 'f3432c26f5e2ec76b7c1ecd769295bbb', '1', null, null, 'quanyonghan@bhmc.com.cn');
INSERT INTO "BING"."TXL_USER" VALUES ('0806039', '刘晓峥', 'bbfc4412db3f7b131fe63cf6f8317f6a', '1', null, null, 'liuxz@bhmc.com.cn');
INSERT INTO "BING"."TXL_USER" VALUES ('1207376', '夏玥', '236fea58c8eef8e835ddb270a6120a25', '1', null, null, 'xiay@bhmc.com.cn');
INSERT INTO "BING"."TXL_USER" VALUES ('0210119', '孙柏林', '983b77825cd78ed3f381e978b8e1722e', '1', null, null, 'sunbl@bhmc.com.cn');
INSERT INTO "BING"."TXL_USER" VALUES ('0908391', '季超', 'a05fa417bd35a4cb157dfb35df8bf9d5', '1', null, null, 'jic1@bhmc.com.cn');
INSERT INTO "BING"."TXL_USER" VALUES ('71609002', '尹振武', 'ca196ae0ec99a1561d8c7e871ffdf9ca', '1', '0', '10.37.94.173', 'yinzw@bhmc.com.cn');
INSERT INTO "BING"."TXL_USER" VALUES ('71710001', '张志刚', '9aab6b46125a9a1092cfb6dfa18ef2f3', '1', null, null, 'zhangzg@bhmc.com.cn');
INSERT INTO "BING"."TXL_USER" VALUES ('0508400', '张磊', 'b9ea3ae33ef1712cb582eac77b4e9268', '1', null, null, 'zhangl18@bhmc.com.cn');
INSERT INTO "BING"."TXL_USER" VALUES ('1307597', '张荣', '8946f9a13099a73b5fe664e42fec06cd', '1', null, null, 'zhangr3@bhmc.com.cn');
INSERT INTO "BING"."TXL_USER" VALUES ('0708150', '张超', 'c9c75cf9fe4a7052f064a5e6cb32cdb4', '1', null, null, 'zhangc3@bhmc.com.cn');
INSERT INTO "BING"."TXL_USER" VALUES ('1107028', '彭凯', '5aac1201c69232a331a78ba8e0b059ee', '1', null, null, 'pengk@bhmc.com.cn');
INSERT INTO "BING"."TXL_USER" VALUES ('71501003', '李昂', 'db3b459607a1b2d19ba7e7e64616a19b', '1', '0', '10.37.94.205', 'liang@bhmc.com.cn');
INSERT INTO "BING"."TXL_USER" VALUES ('0608215', '李阳', '9657d8ac4c5a2f5c14199cf45433cde6', '1', null, null, 'liy3@bhmc.com.cn');
INSERT INTO "BING"."TXL_USER" VALUES ('71610005', '柯勇', '000adbb3ac8f360f5e03032999182b66', '1', null, null, 'key@bhmc.com.cn');
INSERT INTO "BING"."TXL_USER" VALUES ('71710003', '段树吉', '871c2f49f504d3afe7c149801281baf5', '1', null, null, 'duansj@bhmc.com.cn');
INSERT INTO "BING"."TXL_USER" VALUES ('0309441', '王卫军', '8298fa618b747d0e49d2b5c24e80808a', '1', null, null, 'wangwj@bhmc.com.cn');
INSERT INTO "BING"."TXL_USER" VALUES ('0806047', '王立', '6b608f5c3aaaedd9a56306952dcc79a3', '1', null, null, 'wangl5@bhmc.com.cn');
INSERT INTO "BING"."TXL_USER" VALUES ('71504001', '赵旭', 'b75efc9772f6b94e074b6926bca9845e', '1', null, null, 'zhaox@bhmc.com.cn');
INSERT INTO "BING"."TXL_USER" VALUES ('0708146', '赵洋', '6eb910317cd6333bd4389335a2b2618b', '1', null, null, 'zhaoy6@bhmc.com.cn');
INSERT INTO "BING"."TXL_USER" VALUES ('1304004', '赵爽', '9c9ddec93df84761e6a598dec37284bb', '1', null, null, 'zhaos2@bhmc.com.cn');
INSERT INTO "BING"."TXL_USER" VALUES ('5003315', '金泳鎬', '4212d946418ee230325e1ebcc880d1dc', '1', null, null, 'jinyh3@bhmc.com.cn');

-- ----------------------------
-- Table structure for TXL_USER_ZU
-- ----------------------------
DROP TABLE "BING"."TXL_USER_ZU";
CREATE TABLE "BING"."TXL_USER_ZU" (
"USER_ID" NVARCHAR2(50) NOT NULL ,
"ZU_ID" NVARCHAR2(50) NOT NULL 
)
LOGGING
NOCOMPRESS
NOCACHE

;

-- ----------------------------
-- Records of TXL_USER_ZU
-- ----------------------------
INSERT INTO "BING"."TXL_USER_ZU" VALUES ('0210119', '1001001');
INSERT INTO "BING"."TXL_USER_ZU" VALUES ('0309441', '1001001');
INSERT INTO "BING"."TXL_USER_ZU" VALUES ('0508400', '1001001');
INSERT INTO "BING"."TXL_USER_ZU" VALUES ('0608215', '1001001');
INSERT INTO "BING"."TXL_USER_ZU" VALUES ('0708146', '1001001');
INSERT INTO "BING"."TXL_USER_ZU" VALUES ('0708150', '1001001');
INSERT INTO "BING"."TXL_USER_ZU" VALUES ('0709072', '1001001');
INSERT INTO "BING"."TXL_USER_ZU" VALUES ('0806039', '1001001');
INSERT INTO "BING"."TXL_USER_ZU" VALUES ('0806047', '1001001');
INSERT INTO "BING"."TXL_USER_ZU" VALUES ('0908391', '1001001');
INSERT INTO "BING"."TXL_USER_ZU" VALUES ('1', '1001001');
INSERT INTO "BING"."TXL_USER_ZU" VALUES ('1107028', '1001001');
INSERT INTO "BING"."TXL_USER_ZU" VALUES ('1107261', '1001001');
INSERT INTO "BING"."TXL_USER_ZU" VALUES ('1207376', '1001001');
INSERT INTO "BING"."TXL_USER_ZU" VALUES ('1209435', '1001001');
INSERT INTO "BING"."TXL_USER_ZU" VALUES ('1304004', '1001001');
INSERT INTO "BING"."TXL_USER_ZU" VALUES ('1307597', '1001001');
INSERT INTO "BING"."TXL_USER_ZU" VALUES ('5003315', '1001001');
INSERT INTO "BING"."TXL_USER_ZU" VALUES ('71501003', '1001001');
INSERT INTO "BING"."TXL_USER_ZU" VALUES ('71504001', '1001001');
INSERT INTO "BING"."TXL_USER_ZU" VALUES ('71609001', '1001001');
INSERT INTO "BING"."TXL_USER_ZU" VALUES ('71609002', '1001001');
INSERT INTO "BING"."TXL_USER_ZU" VALUES ('71610005', '1001001');
INSERT INTO "BING"."TXL_USER_ZU" VALUES ('71710001', '1001001');
INSERT INTO "BING"."TXL_USER_ZU" VALUES ('71710003', '1001001');
INSERT INTO "BING"."TXL_USER_ZU" VALUES ('bing', '0');

-- ----------------------------
-- Table structure for TXL_YUYAN
-- ----------------------------
DROP TABLE "BING"."TXL_YUYAN";
CREATE TABLE "BING"."TXL_YUYAN" (
"YE_MIAN_MING" NVARCHAR2(50) NOT NULL ,
"YU_ZHONG" NVARCHAR2(2) NOT NULL ,
"XU_HAO" NVARCHAR2(50) NOT NULL ,
"WEN_ZI" NVARCHAR2(50) NULL 
)
LOGGING
NOCOMPRESS
NOCACHE

;

-- ----------------------------
-- Records of TXL_YUYAN
-- ----------------------------
INSERT INTO "BING"."TXL_YUYAN" VALUES ('account', 'CN', '通讯录', '通讯录');
INSERT INTO "BING"."TXL_YUYAN" VALUES ('account', 'CN', '密码', '密码');
INSERT INTO "BING"."TXL_YUYAN" VALUES ('account', 'CN', '用户名', '用户名');
INSERT INTO "BING"."TXL_YUYAN" VALUES ('account', 'CN', '登录', '登录');
INSERT INTO "BING"."TXL_YUYAN" VALUES ('account', 'EN', '通讯录', 'GABS');
INSERT INTO "BING"."TXL_YUYAN" VALUES ('account', 'EN', '密码', 'Password');
INSERT INTO "BING"."TXL_YUYAN" VALUES ('account', 'EN', '用户名', 'Username');
INSERT INTO "BING"."TXL_YUYAN" VALUES ('account', 'EN', '登录', 'Login');
INSERT INTO "BING"."TXL_YUYAN" VALUES ('piLiangZuIframe', 'CN', '修改', '修改');
INSERT INTO "BING"."TXL_YUYAN" VALUES ('piLiangZuIframe', 'EN', '修改', 'Change');
INSERT INTO "BING"."TXL_YUYAN" VALUES ('piLiangZuIframe', 'CN', '取消', '取消');
INSERT INTO "BING"."TXL_YUYAN" VALUES ('piLiangZuIframe', 'EN', '取消', 'Cancel');
INSERT INTO "BING"."TXL_YUYAN" VALUES ('piLiang', 'CN', '保存编辑', '保存编辑');
INSERT INTO "BING"."TXL_YUYAN" VALUES ('piLiang', 'EN', '保存编辑', 'Save Change');
INSERT INTO "BING"."TXL_YUYAN" VALUES ('piLiang', 'CN', '批量修改组', '批量修改组');
INSERT INTO "BING"."TXL_YUYAN" VALUES ('piLiang', 'EN', '批量修改组', 'Batch Edit Group');
INSERT INTO "BING"."TXL_YUYAN" VALUES ('piLiang', 'CN', '批量修改权限', '批量修改权限');
INSERT INTO "BING"."TXL_YUYAN" VALUES ('piLiang', 'EN', '批量修改权限', 'Batch Edit Permissions');
INSERT INTO "BING"."TXL_YUYAN" VALUES ('piLiang', 'CN', '批量删除', '批量删除');
INSERT INTO "BING"."TXL_YUYAN" VALUES ('piLiang', 'EN', '批量删除', 'Batch Delete');
INSERT INTO "BING"."TXL_YUYAN" VALUES ('piLiangQuanxianIframe', 'CN', '权限', '权限');
INSERT INTO "BING"."TXL_YUYAN" VALUES ('piLiangQuanxianIframe', 'EN', '权限', 'Permissions');
INSERT INTO "BING"."TXL_YUYAN" VALUES ('piLiangQuanxianIframe', 'CN', '修改', '修改');
INSERT INTO "BING"."TXL_YUYAN" VALUES ('piLiangQuanxianIframe', 'EN', '修改', 'Change');
INSERT INTO "BING"."TXL_YUYAN" VALUES ('piLiangQuanxianIframe', 'CN', '取消', '取消');
INSERT INTO "BING"."TXL_YUYAN" VALUES ('piLiangQuanxianIframe', 'EN', '取消', 'Cancel');
INSERT INTO "BING"."TXL_YUYAN" VALUES ('view', 'CN', '系统管理', '系统管理');
INSERT INTO "BING"."TXL_YUYAN" VALUES ('view', 'EN', '系统管理', 'System Manage');
INSERT INTO "BING"."TXL_YUYAN" VALUES ('view', 'CN', '组织结构管理', '组织结构管理');
INSERT INTO "BING"."TXL_YUYAN" VALUES ('view', 'EN', '组织结构管理', 'Group Manage');
INSERT INTO "BING"."TXL_YUYAN" VALUES ('zuManage', 'CN', '添加组织结构', '添加组织结构');
INSERT INTO "BING"."TXL_YUYAN" VALUES ('zuManage', 'EN', '添加组织结构', 'Add Group');
INSERT INTO "BING"."TXL_YUYAN" VALUES ('zuManage', 'CN', '父节点ID', '父节点ID');
INSERT INTO "BING"."TXL_YUYAN" VALUES ('zuManage', 'EN', '父节点ID', 'Parent ID');
INSERT INTO "BING"."TXL_YUYAN" VALUES ('zuManage', 'CN', '组织结构名', '组织结构名');
INSERT INTO "BING"."TXL_YUYAN" VALUES ('zuManage', 'EN', '组织结构名', 'Group Name');
INSERT INTO "BING"."TXL_YUYAN" VALUES ('zuManage', 'CN', '添加', '添加');
INSERT INTO "BING"."TXL_YUYAN" VALUES ('zuManage', 'EN', '添加', 'Add');
INSERT INTO "BING"."TXL_YUYAN" VALUES ('zuManage', 'CN', '保存', '保存');
INSERT INTO "BING"."TXL_YUYAN" VALUES ('zuManage', 'EN', '保存', 'Save');
INSERT INTO "BING"."TXL_YUYAN" VALUES ('zuManageIframe', 'CN', '父节点ID', '父节点ID');
INSERT INTO "BING"."TXL_YUYAN" VALUES ('zuManageIframe', 'EN', '父节点ID', 'Parent ID');
INSERT INTO "BING"."TXL_YUYAN" VALUES ('zuManageIframe', 'CN', '组织结构名', '组织结构名');
INSERT INTO "BING"."TXL_YUYAN" VALUES ('zuManageIframe', 'EN', '组织结构名', 'Group Name');
INSERT INTO "BING"."TXL_YUYAN" VALUES ('zuManageIframe', 'CN', '添加', '添加');
INSERT INTO "BING"."TXL_YUYAN" VALUES ('zuManageIframe', 'EN', '添加', 'Add');
INSERT INTO "BING"."TXL_YUYAN" VALUES ('zuManageIframe', 'CN', '取消', '取消');
INSERT INTO "BING"."TXL_YUYAN" VALUES ('zuManageIframe', 'EN', '取消', 'Cancel');
INSERT INTO "BING"."TXL_YUYAN" VALUES ('view', 'CN', '用户管理', '用户管理');
INSERT INTO "BING"."TXL_YUYAN" VALUES ('view', 'EN', '用户管理', 'User Manage');
INSERT INTO "BING"."TXL_YUYAN" VALUES ('userManage', 'CN', '新增用户', '新增用户');
INSERT INTO "BING"."TXL_YUYAN" VALUES ('userManage', 'EN', '新增用户', 'Add User');
INSERT INTO "BING"."TXL_YUYAN" VALUES ('userManage', 'CN', '用户名', '用户名');
INSERT INTO "BING"."TXL_YUYAN" VALUES ('userManage', 'EN', '用户名', 'User Name');
INSERT INTO "BING"."TXL_YUYAN" VALUES ('userManage', 'CN', '权限', '权限');
INSERT INTO "BING"."TXL_YUYAN" VALUES ('userManage', 'EN', '权限', 'Permission');
INSERT INTO "BING"."TXL_YUYAN" VALUES ('userManage', 'CN', '登录失败次数', '登录失败次数');
INSERT INTO "BING"."TXL_YUYAN" VALUES ('userManage', 'EN', '登录失败次数', 'Failed Login');
INSERT INTO "BING"."TXL_YUYAN" VALUES ('userManage', 'CN', '最后登录IP', '最后登录IP');
INSERT INTO "BING"."TXL_YUYAN" VALUES ('userManage', 'EN', '最后登录IP', 'Last IP');
INSERT INTO "BING"."TXL_YUYAN" VALUES ('userManage', 'CN', '注册日期', '注册日期');
INSERT INTO "BING"."TXL_YUYAN" VALUES ('userManage', 'EN', '注册日期', 'Join Date');
INSERT INTO "BING"."TXL_YUYAN" VALUES ('userManage', 'CN', '最后登录时间', '最后登录时间');
INSERT INTO "BING"."TXL_YUYAN" VALUES ('userManage', 'EN', '最后登录时间', 'Last Login Time');
INSERT INTO "BING"."TXL_YUYAN" VALUES ('userManage', 'CN', '邮箱', '邮箱');
INSERT INTO "BING"."TXL_YUYAN" VALUES ('userManage', 'EN', '邮箱', 'Email');
INSERT INTO "BING"."TXL_YUYAN" VALUES ('userManageIframe', 'CN', '密码', '密码');
INSERT INTO "BING"."TXL_YUYAN" VALUES ('userManageIframe', 'EN', '密码', 'Password');
INSERT INTO "BING"."TXL_YUYAN" VALUES ('userManageIframe', 'CN', '用户名', '用户名');
INSERT INTO "BING"."TXL_YUYAN" VALUES ('userManageIframe', 'EN', '用户名', 'User Name');
INSERT INTO "BING"."TXL_YUYAN" VALUES ('userManageIframe', 'CN', '权限', '权限');
INSERT INTO "BING"."TXL_YUYAN" VALUES ('userManageIframe', 'EN', '权限', 'Permission');
INSERT INTO "BING"."TXL_YUYAN" VALUES ('userManageIframe', 'CN', '邮箱', '邮箱');
INSERT INTO "BING"."TXL_YUYAN" VALUES ('nav', 'CN', '退出', '退出');
INSERT INTO "BING"."TXL_YUYAN" VALUES ('nav', 'CN', '首页', '首页');
INSERT INTO "BING"."TXL_YUYAN" VALUES ('userManageIframe', 'EN', '邮箱', 'Email');
INSERT INTO "BING"."TXL_YUYAN" VALUES ('userManageIframe', 'CN', '添加', '添加');
INSERT INTO "BING"."TXL_YUYAN" VALUES ('userManageIframe', 'EN', '添加', 'Add');
INSERT INTO "BING"."TXL_YUYAN" VALUES ('userManageIframe', 'CN', '取消', '取消');
INSERT INTO "BING"."TXL_YUYAN" VALUES ('userManageIframe', 'EN', '取消', 'Cancel');
INSERT INTO "BING"."TXL_YUYAN" VALUES ('userManageIframe', 'CN', '保存', '保存');
INSERT INTO "BING"."TXL_YUYAN" VALUES ('nav', 'EN', '更改密码', 'Change Password');
INSERT INTO "BING"."TXL_YUYAN" VALUES ('userManageIframe', 'EN', '保存', 'Save');
INSERT INTO "BING"."TXL_YUYAN" VALUES ('userManage', 'CN', '所在组', '所在组');
INSERT INTO "BING"."TXL_YUYAN" VALUES ('userManage', 'EN', '所在组', 'Group');
INSERT INTO "BING"."TXL_YUYAN" VALUES ('nav', 'EN', '退出', 'Logout');
INSERT INTO "BING"."TXL_YUYAN" VALUES ('nav', 'EN', '首页', 'Home');
INSERT INTO "BING"."TXL_YUYAN" VALUES ('userManageIframe', 'CN', '组', '组');
INSERT INTO "BING"."TXL_YUYAN" VALUES ('userManageIframe', 'EN', '组', 'Group');
INSERT INTO "BING"."TXL_YUYAN" VALUES ('account', 'EN', '注册', 'Register');
INSERT INTO "BING"."TXL_YUYAN" VALUES ('account', 'EN', '暂未开放', 'Not Opened');
INSERT INTO "BING"."TXL_YUYAN" VALUES ('account', 'CN', '注册', '注册');
INSERT INTO "BING"."TXL_YUYAN" VALUES ('nav', 'CN', '更改密码', '更改密码');
INSERT INTO "BING"."TXL_YUYAN" VALUES ('account', 'CN', '暂未开放', '暂未开放');
INSERT INTO "BING"."TXL_YUYAN" VALUES ('nav', 'CN', '通讯录', '通讯录');
INSERT INTO "BING"."TXL_YUYAN" VALUES ('nav', 'EN', '通讯录', 'GABS');
INSERT INTO "BING"."TXL_YUYAN" VALUES ('nav', 'CN', '管理', '管理');
INSERT INTO "BING"."TXL_YUYAN" VALUES ('nav', 'EN', '管理', 'Manage');
INSERT INTO "BING"."TXL_YUYAN" VALUES ('index', 'CN', '姓名', '姓名');
INSERT INTO "BING"."TXL_YUYAN" VALUES ('index', 'EN', '姓名', 'Name');
INSERT INTO "BING"."TXL_YUYAN" VALUES ('index', 'CN', '手机', '手机');
INSERT INTO "BING"."TXL_YUYAN" VALUES ('index', 'EN', '手机', 'Mobile');
INSERT INTO "BING"."TXL_YUYAN" VALUES ('index', 'CN', '座机', '座机');
INSERT INTO "BING"."TXL_YUYAN" VALUES ('index', 'EN', '座机', 'Landline');
INSERT INTO "BING"."TXL_YUYAN" VALUES ('index', 'CN', '邮箱', '邮箱');
INSERT INTO "BING"."TXL_YUYAN" VALUES ('index', 'EN', '邮箱', 'Email');
INSERT INTO "BING"."TXL_YUYAN" VALUES ('index', 'CN', '公司', '公司');
INSERT INTO "BING"."TXL_YUYAN" VALUES ('index', 'EN', '公司', 'Company');
INSERT INTO "BING"."TXL_YUYAN" VALUES ('index', 'CN', '备注', '备注');
INSERT INTO "BING"."TXL_YUYAN" VALUES ('index', 'EN', '备注', 'Remark');
INSERT INTO "BING"."TXL_YUYAN" VALUES ('addIframe', 'CN', '姓名', '姓名');
INSERT INTO "BING"."TXL_YUYAN" VALUES ('addIframe', 'EN', '姓名', 'Name');
INSERT INTO "BING"."TXL_YUYAN" VALUES ('addIframe', 'CN', '拼音', '拼音');
INSERT INTO "BING"."TXL_YUYAN" VALUES ('addIframe', 'EN', '拼音', 'Nickname');
INSERT INTO "BING"."TXL_YUYAN" VALUES ('addIframe', 'CN', '公司', '公司');
INSERT INTO "BING"."TXL_YUYAN" VALUES ('addIframe', 'EN', '公司', 'Company');
INSERT INTO "BING"."TXL_YUYAN" VALUES ('addIframe', 'CN', '手机', '手机');
INSERT INTO "BING"."TXL_YUYAN" VALUES ('addIframe', 'EN', '手机', 'Mobile');
INSERT INTO "BING"."TXL_YUYAN" VALUES ('addIframe', 'CN', '座机', '座机');
INSERT INTO "BING"."TXL_YUYAN" VALUES ('addIframe', 'EN', '座机', 'Landline');
INSERT INTO "BING"."TXL_YUYAN" VALUES ('addIframe', 'CN', '邮箱', '邮箱');
INSERT INTO "BING"."TXL_YUYAN" VALUES ('addIframe', 'EN', '邮箱', 'Email');
INSERT INTO "BING"."TXL_YUYAN" VALUES ('addIframe', 'CN', '备注', '备注');
INSERT INTO "BING"."TXL_YUYAN" VALUES ('addIframe', 'EN', '备注', 'Remark');
INSERT INTO "BING"."TXL_YUYAN" VALUES ('addIframe', 'CN', '添加', '添加');
INSERT INTO "BING"."TXL_YUYAN" VALUES ('addIframe', 'EN', '添加', 'Add');
INSERT INTO "BING"."TXL_YUYAN" VALUES ('addIframe', 'CN', '更多信息', '更多信息');
INSERT INTO "BING"."TXL_YUYAN" VALUES ('addIframe', 'EN', '更多信息', 'More');
INSERT INTO "BING"."TXL_YUYAN" VALUES ('addIframe', 'CN', '取消', '取消');
INSERT INTO "BING"."TXL_YUYAN" VALUES ('addIframe', 'EN', '取消', 'Cancel');
INSERT INTO "BING"."TXL_YUYAN" VALUES ('index', 'CN', '添加联系人', '添加联系人');
INSERT INTO "BING"."TXL_YUYAN" VALUES ('index', 'EN', '添加联系人', 'Add contacts');
INSERT INTO "BING"."TXL_YUYAN" VALUES ('index', 'CN', '批量管理', '批量管理');
INSERT INTO "BING"."TXL_YUYAN" VALUES ('index', 'EN', '批量管理', 'Batch manage');
INSERT INTO "BING"."TXL_YUYAN" VALUES ('addIframe', 'CN', '性别', '性别');
INSERT INTO "BING"."TXL_YUYAN" VALUES ('addIframe', 'EN', '性别', 'Sex');
INSERT INTO "BING"."TXL_YUYAN" VALUES ('addIframe', 'CN', '增加条目', '增加条目');
INSERT INTO "BING"."TXL_YUYAN" VALUES ('addIframe', 'EN', '增加条目', 'Add information');
INSERT INTO "BING"."TXL_YUYAN" VALUES ('addIframe', 'CN', '男', '男');
INSERT INTO "BING"."TXL_YUYAN" VALUES ('addIframe', 'EN', '男', 'M');
INSERT INTO "BING"."TXL_YUYAN" VALUES ('addIframe', 'CN', '女', '女');
INSERT INTO "BING"."TXL_YUYAN" VALUES ('addIframe', 'EN', '女', 'F');
INSERT INTO "BING"."TXL_YUYAN" VALUES ('addIframe', 'CN', '未知', '未知');
INSERT INTO "BING"."TXL_YUYAN" VALUES ('addIframe', 'EN', '未知', 'No');
INSERT INTO "BING"."TXL_YUYAN" VALUES ('editIframe', 'CN', '姓名', '姓名');
INSERT INTO "BING"."TXL_YUYAN" VALUES ('editIframe', 'EN', '姓名', 'Name');
INSERT INTO "BING"."TXL_YUYAN" VALUES ('editIframe', 'CN', '拼音', '拼音');
INSERT INTO "BING"."TXL_YUYAN" VALUES ('editIframe', 'EN', '拼音', 'Nickname');
INSERT INTO "BING"."TXL_YUYAN" VALUES ('editIframe', 'CN', '公司', '公司');
INSERT INTO "BING"."TXL_YUYAN" VALUES ('editIframe', 'EN', '公司', 'Company');
INSERT INTO "BING"."TXL_YUYAN" VALUES ('editIframe', 'CN', '手机', '手机');
INSERT INTO "BING"."TXL_YUYAN" VALUES ('editIframe', 'EN', '手机', 'Mobile');
INSERT INTO "BING"."TXL_YUYAN" VALUES ('editIframe', 'CN', '座机', '座机');
INSERT INTO "BING"."TXL_YUYAN" VALUES ('editIframe', 'EN', '座机', 'Landline');
INSERT INTO "BING"."TXL_YUYAN" VALUES ('editIframe', 'CN', '邮箱', '邮箱');
INSERT INTO "BING"."TXL_YUYAN" VALUES ('editIframe', 'EN', '邮箱', 'Email');
INSERT INTO "BING"."TXL_YUYAN" VALUES ('editIframe', 'CN', '备注', '备注');
INSERT INTO "BING"."TXL_YUYAN" VALUES ('editIframe', 'EN', '备注', 'Remark');
INSERT INTO "BING"."TXL_YUYAN" VALUES ('editIframe', 'CN', '保存', '保存');
INSERT INTO "BING"."TXL_YUYAN" VALUES ('editIframe', 'EN', '保存', 'Save');
INSERT INTO "BING"."TXL_YUYAN" VALUES ('editIframe', 'CN', '关闭', '关闭');
INSERT INTO "BING"."TXL_YUYAN" VALUES ('editIframe', 'EN', '关闭', 'Exit');
INSERT INTO "BING"."TXL_YUYAN" VALUES ('editIframe', 'CN', '启用编辑', '启用编辑');
INSERT INTO "BING"."TXL_YUYAN" VALUES ('editIframe', 'EN', '启用编辑', 'Enable editor');
INSERT INTO "BING"."TXL_YUYAN" VALUES ('editIframe', 'CN', '增加条目', '增加条目');
INSERT INTO "BING"."TXL_YUYAN" VALUES ('editIframe', 'EN', '增加条目', 'Add information');
INSERT INTO "BING"."TXL_YUYAN" VALUES ('editIframe', 'CN', '男', '男');
INSERT INTO "BING"."TXL_YUYAN" VALUES ('editIframe', 'EN', '男', 'M');
INSERT INTO "BING"."TXL_YUYAN" VALUES ('editIframe', 'CN', '女', '女');
INSERT INTO "BING"."TXL_YUYAN" VALUES ('editIframe', 'EN', '女', 'F');
INSERT INTO "BING"."TXL_YUYAN" VALUES ('editIframe', 'CN', '未知', '未知');
INSERT INTO "BING"."TXL_YUYAN" VALUES ('editIframe', 'EN', '未知', 'No');
INSERT INTO "BING"."TXL_YUYAN" VALUES ('editIframe', 'CN', '性别', '性别');
INSERT INTO "BING"."TXL_YUYAN" VALUES ('editIframe', 'EN', '性别', 'Sex');
INSERT INTO "BING"."TXL_YUYAN" VALUES ('editIframe', 'CN', '删除', '删除');
INSERT INTO "BING"."TXL_YUYAN" VALUES ('editIframe', 'EN', '删除', 'Delete');
INSERT INTO "BING"."TXL_YUYAN" VALUES ('editIframe', 'CN', '所有人', '所有人');
INSERT INTO "BING"."TXL_YUYAN" VALUES ('editIframe', 'EN', '所有人', 'All User');
INSERT INTO "BING"."TXL_YUYAN" VALUES ('editIframe', 'CN', '本组', '本组');
INSERT INTO "BING"."TXL_YUYAN" VALUES ('editIframe', 'EN', '本组', 'Group');
INSERT INTO "BING"."TXL_YUYAN" VALUES ('editIframe', 'CN', '私有', '私有');
INSERT INTO "BING"."TXL_YUYAN" VALUES ('editIframe', 'EN', '私有', 'Privately');
INSERT INTO "BING"."TXL_YUYAN" VALUES ('editIframe', 'CN', '权限', '权限');
INSERT INTO "BING"."TXL_YUYAN" VALUES ('editIframe', 'EN', '权限', 'Permission');
INSERT INTO "BING"."TXL_YUYAN" VALUES ('addIframe', 'CN', '权限', '权限');
INSERT INTO "BING"."TXL_YUYAN" VALUES ('addIframe', 'EN', '权限', 'Permission');
INSERT INTO "BING"."TXL_YUYAN" VALUES ('addIframe', 'CN', '所有人', '所有人');
INSERT INTO "BING"."TXL_YUYAN" VALUES ('addIframe', 'EN', '所有人', 'All User');
INSERT INTO "BING"."TXL_YUYAN" VALUES ('addIframe', 'CN', '本组', '本组');
INSERT INTO "BING"."TXL_YUYAN" VALUES ('addIframe', 'EN', '本组', 'Group');
INSERT INTO "BING"."TXL_YUYAN" VALUES ('addIframe', 'CN', '私有', '私有');
INSERT INTO "BING"."TXL_YUYAN" VALUES ('addIframe', 'EN', '私有', 'Privately');
INSERT INTO "BING"."TXL_YUYAN" VALUES ('view', 'CN', '通讯录管理', '通讯录管理');
INSERT INTO "BING"."TXL_YUYAN" VALUES ('view', 'EN', '通讯录管理', 'Address Book Manage');
INSERT INTO "BING"."TXL_YUYAN" VALUES ('view', 'CN', '批量管理', '批量管理');
INSERT INTO "BING"."TXL_YUYAN" VALUES ('view', 'EN', '批量管理', 'Batch manage');
INSERT INTO "BING"."TXL_YUYAN" VALUES ('piLiang', 'CN', '权限', '权限');
INSERT INTO "BING"."TXL_YUYAN" VALUES ('piLiang', 'EN', '权限', 'Permission');
INSERT INTO "BING"."TXL_YUYAN" VALUES ('zuIframe', 'CN', '取消', '取消');
INSERT INTO "BING"."TXL_YUYAN" VALUES ('zuIframe', 'EN', '取消', 'Cancel');
INSERT INTO "BING"."TXL_YUYAN" VALUES ('zuIframe', 'CN', '私有', '私有');
INSERT INTO "BING"."TXL_YUYAN" VALUES ('zuIframe', 'EN', '私有', 'Privately');
INSERT INTO "BING"."TXL_YUYAN" VALUES ('index', 'CN', '权限', '权限');
INSERT INTO "BING"."TXL_YUYAN" VALUES ('index', 'EN', '权限', 'Permission');
INSERT INTO "BING"."TXL_YUYAN" VALUES ('index', 'CN', '筛选', '筛选');
INSERT INTO "BING"."TXL_YUYAN" VALUES ('index', 'EN', '筛选', 'Filter');
INSERT INTO "BING"."TXL_YUYAN" VALUES ('filterIframe', 'CN', '筛选', '筛选');
INSERT INTO "BING"."TXL_YUYAN" VALUES ('filterIframe', 'EN', '筛选', 'Filter');
INSERT INTO "BING"."TXL_YUYAN" VALUES ('filterIframe', 'CN', '取消', '取消');
INSERT INTO "BING"."TXL_YUYAN" VALUES ('filterIframe', 'EN', '取消', 'Cancel');
INSERT INTO "BING"."TXL_YUYAN" VALUES ('view', 'CN', '个人管理', '个人管理');
INSERT INTO "BING"."TXL_YUYAN" VALUES ('view', 'EN', '个人管理', 'Personal Manage');
INSERT INTO "BING"."TXL_YUYAN" VALUES ('changePass', 'CN', '用户ID', '用户ID');
INSERT INTO "BING"."TXL_YUYAN" VALUES ('changePass', 'EN', '用户ID', 'User ID');
INSERT INTO "BING"."TXL_YUYAN" VALUES ('changePass', 'CN', '原密码', '原密码');
INSERT INTO "BING"."TXL_YUYAN" VALUES ('changePass', 'EN', '原密码', 'Old Password');
INSERT INTO "BING"."TXL_YUYAN" VALUES ('changePass', 'CN', '新密码', '新密码');
INSERT INTO "BING"."TXL_YUYAN" VALUES ('changePass', 'EN', '新密码', 'New Password');
INSERT INTO "BING"."TXL_YUYAN" VALUES ('changePass', 'CN', '修改', '修改');
INSERT INTO "BING"."TXL_YUYAN" VALUES ('changePass', 'EN', '修改', 'Change');
INSERT INTO "BING"."TXL_YUYAN" VALUES ('changePass', 'CN', '重置', '重置');
INSERT INTO "BING"."TXL_YUYAN" VALUES ('changePass', 'EN', '重置', 'Reset');
INSERT INTO "BING"."TXL_YUYAN" VALUES ('manage', 'CN', '功能', '功能');
INSERT INTO "BING"."TXL_YUYAN" VALUES ('manage', 'EN', '功能', 'Function');
INSERT INTO "BING"."TXL_YUYAN" VALUES ('manage', 'CN', '描述', '描述');
INSERT INTO "BING"."TXL_YUYAN" VALUES ('manage', 'EN', '描述', 'Describe');
INSERT INTO "BING"."TXL_YUYAN" VALUES ('manage', 'CN', '使用批量工具管理通讯录', '使用批量工具管理自己的通讯录');
INSERT INTO "BING"."TXL_YUYAN" VALUES ('manage', 'EN', '使用批量工具管理通讯录', 'Use batch tools to manage own contacts');
INSERT INTO "BING"."TXL_YUYAN" VALUES ('manage', 'CN', '修改自己账号的密码', '修改自己账号的密码');
INSERT INTO "BING"."TXL_YUYAN" VALUES ('manage', 'EN', '修改自己账号的密码', 'Change your account password');
INSERT INTO "BING"."TXL_YUYAN" VALUES ('piLiang', 'CN', '操作', '操作');
INSERT INTO "BING"."TXL_YUYAN" VALUES ('piLiang', 'EN', '操作', 'Manage');
INSERT INTO "BING"."TXL_YUYAN" VALUES ('piLiang', 'CN', '姓名', '姓名');
INSERT INTO "BING"."TXL_YUYAN" VALUES ('piLiang', 'EN', '姓名', 'Name');
INSERT INTO "BING"."TXL_YUYAN" VALUES ('piLiang', 'CN', '公司', '公司');
INSERT INTO "BING"."TXL_YUYAN" VALUES ('piLiang', 'EN', '公司', 'Company');
INSERT INTO "BING"."TXL_YUYAN" VALUES ('piLiang', 'CN', '手机', '手机');
INSERT INTO "BING"."TXL_YUYAN" VALUES ('piLiang', 'EN', '手机', 'Mobile');
INSERT INTO "BING"."TXL_YUYAN" VALUES ('piLiang', 'CN', '座机', '座机');
INSERT INTO "BING"."TXL_YUYAN" VALUES ('piLiang', 'EN', '座机', 'Landline');
INSERT INTO "BING"."TXL_YUYAN" VALUES ('piLiang', 'CN', '邮箱', '邮箱');
INSERT INTO "BING"."TXL_YUYAN" VALUES ('piLiang', 'EN', '邮箱', 'Email');
INSERT INTO "BING"."TXL_YUYAN" VALUES ('piLiang', 'CN', '备注', '备注');
INSERT INTO "BING"."TXL_YUYAN" VALUES ('piLiang', 'EN', '备注', 'Remark');
INSERT INTO "BING"."TXL_YUYAN" VALUES ('piLiang', 'CN', '性别', '性别');
INSERT INTO "BING"."TXL_YUYAN" VALUES ('piLiang', 'EN', '性别', 'Sex');
INSERT INTO "BING"."TXL_YUYAN" VALUES ('piLiang', 'CN', '拼音', '拼音');
INSERT INTO "BING"."TXL_YUYAN" VALUES ('piLiang', 'EN', '拼音', 'Nickname');
INSERT INTO "BING"."TXL_YUYAN" VALUES ('piLiang', 'CN', '组', '组');
INSERT INTO "BING"."TXL_YUYAN" VALUES ('piLiang', 'EN', '组', 'Group');
INSERT INTO "BING"."TXL_YUYAN" VALUES ('piLiangZuIframe', 'CN', '选择组', '选择组');
INSERT INTO "BING"."TXL_YUYAN" VALUES ('piLiangZuIframe', 'EN', '选择组', 'Group');

-- ----------------------------
-- Table structure for TXL_ZU
-- ----------------------------
DROP TABLE "BING"."TXL_ZU";
CREATE TABLE "BING"."TXL_ZU" (
"ZU_ID" NVARCHAR2(50) NOT NULL ,
"PARENT_ID" NVARCHAR2(50) NULL ,
"ZU_NAME" NVARCHAR2(50) NOT NULL 
)
LOGGING
NOCOMPRESS
NOCACHE

;

-- ----------------------------
-- Records of TXL_ZU
-- ----------------------------
INSERT INTO "BING"."TXL_ZU" VALUES ('0', null, '通讯录系统 - GABS');
INSERT INTO "BING"."TXL_ZU" VALUES ('1', '0', '北京现代信息技术有限公司');
INSERT INTO "BING"."TXL_ZU" VALUES ('1001', '1', '技术部');
INSERT INTO "BING"."TXL_ZU" VALUES ('1001001', '1001', '仁和生产系统科');
INSERT INTO "BING"."TXL_ZU" VALUES ('1001002', '1001', '杨镇生产系统科');
INSERT INTO "BING"."TXL_ZU" VALUES ('1001003', '1001', '沧州生产系统科');
INSERT INTO "BING"."TXL_ZU" VALUES ('1001004', '1001', '重庆生产系统科');
INSERT INTO "BING"."TXL_ZU" VALUES ('1001005', '1001', '基础运营科');
INSERT INTO "BING"."TXL_ZU" VALUES ('1001006', '1001', '管理系统科');
INSERT INTO "BING"."TXL_ZU" VALUES ('1001007', '1001', '销售系统科');
INSERT INTO "BING"."TXL_ZU" VALUES ('1002', '1', '财务部');
INSERT INTO "BING"."TXL_ZU" VALUES ('1001008', '1001', '北现金融系统运维科');
INSERT INTO "BING"."TXL_ZU" VALUES ('1003', '1', '人事总务部');
INSERT INTO "BING"."TXL_ZU" VALUES ('1004', '1', '业务部');
INSERT INTO "BING"."TXL_ZU" VALUES ('1005', '1', '采购部');
INSERT INTO "BING"."TXL_ZU" VALUES ('2', '0', '北京现代汽车有限公司');

-- ----------------------------
-- View structure for INTER_V
-- ----------------------------
CREATE OR REPLACE FORCE VIEW "BING"."INTER_V" AS 
select "CO1","CO2","CO3","CO4","CO5","CO6","CO7","CO8","CO9","CO10","CO11","CO12","CO13","CO14","CO15","CO16","CO17","CO18","CO19","CO20","CO21","CO22","CO23","CO24","CO25","CO26","CO27","CO28","CO29","CO30","CO31","CO32","CO33","CO34","CO35","CO36","CO37","CO38","CO39","CO40","CO41","CO42","CO43","CO44","CO45","CO46","CO47","CO48","CO49","CO50","CO51","CO52","CO53","CO54","CO55","CO56","CO57","CO58","CO59","CO60","CO61","CO62" from (
 select distinct y.* from a x join a y on X.CO39 = y.co5
 intersect
 --minus
 select distinct x.* from a x join a y on X.CO39 = y.co5
 );

-- ----------------------------
-- View structure for NEW_V
-- ----------------------------
CREATE OR REPLACE FORCE VIEW "BING"."NEW_V" AS 
select "CO1","CO2","CO3","CO4","CO5","CO6","CO7","CO8","CO9","CO10","CO11","CO12","CO13","CO14","CO15","CO16","CO17","CO18","CO19","CO20","CO21","CO22","CO23","CO24","CO25","CO26","CO27","CO28","CO29","CO30","CO31","CO32","CO33","CO34","CO35","CO36","CO37","CO38","CO39","CO40","CO41","CO42","CO43","CO44","CO45","CO46","CO47","CO48","CO49","CO50","CO51","CO52","CO53","CO54","CO55","CO56","CO57","CO58","CO59","CO60","CO61","CO62" from (
 select distinct x.* from a x join a y on X.CO39 = y.co5
 --intersect
 minus
 select distinct y.* from a x join a y on X.CO39 = y.co5
 );

-- ----------------------------
-- View structure for OLD_V
-- ----------------------------
CREATE OR REPLACE FORCE VIEW "BING"."OLD_V" AS 
select "CO1","CO2","CO3","CO4","CO5","CO6","CO7","CO8","CO9","CO10","CO11","CO12","CO13","CO14","CO15","CO16","CO17","CO18","CO19","CO20","CO21","CO22","CO23","CO24","CO25","CO26","CO27","CO28","CO29","CO30","CO31","CO32","CO33","CO34","CO35","CO36","CO37","CO38","CO39","CO40","CO41","CO42","CO43","CO44","CO45","CO46","CO47","CO48","CO49","CO50","CO51","CO52","CO53","CO54","CO55","CO56","CO57","CO58","CO59","CO60","CO61","CO62" from (
 select distinct y.* from a x join a y on X.CO39 = y.co5
 --intersect
 minus
 select distinct x.* from a x join a y on X.CO39 = y.co5
 );

-- ----------------------------
-- View structure for REST_V
-- ----------------------------
CREATE OR REPLACE FORCE VIEW "BING"."REST_V" AS 
select "CO1","CO2","CO3","CO4","CO5","CO6","CO7","CO8","CO9","CO10","CO11","CO12","CO13","CO14","CO15","CO16","CO17","CO18","CO19","CO20","CO21","CO22","CO23","CO24","CO25","CO26","CO27","CO28","CO29","CO30","CO31","CO32","CO33","CO34","CO35","CO36","CO37","CO38","CO39","CO40","CO41","CO42","CO43","CO44","CO45","CO46","CO47","CO48","CO49","CO50","CO51","CO52","CO53","CO54","CO55","CO56","CO57","CO58","CO59","CO60","CO61","CO62" from a
 minus
 select y."CO1",y."CO2",y."CO3",y."CO4",y."CO5",y."CO6",y."CO7",y."CO8",y."CO9",y."CO10",y."CO11",y."CO12",y."CO13",y."CO14",y."CO15",y."CO16",y."CO17",y."CO18",y."CO19",y."CO20",y."CO21",y."CO22",y."CO23",y."CO24",y."CO25",y."CO26",y."CO27",y."CO28",y."CO29",y."CO30",y."CO31",y."CO32",y."CO33",y."CO34",y."CO35",y."CO36",y."CO37",y."CO38",y."CO39",y."CO40",y."CO41",y."CO42",y."CO43",y."CO44",y."CO45",y."CO46",y."CO47",y."CO48",y."CO49",y."CO50",y."CO51",y."CO52",y."CO53",y."CO54",y."CO55",y."CO56",y."CO57",y."CO58",y."CO59",y."CO60",y."CO61",y."CO62" from a x join a y on X.CO39 = y.co5
 minus
 select x."CO1",x."CO2",x."CO3",x."CO4",x."CO5",x."CO6",x."CO7",x."CO8",x."CO9",x."CO10",x."CO11",x."CO12",x."CO13",x."CO14",x."CO15",x."CO16",x."CO17",x."CO18",x."CO19",x."CO20",x."CO21",x."CO22",x."CO23",x."CO24",x."CO25",x."CO26",x."CO27",x."CO28",x."CO29",x."CO30",x."CO31",x."CO32",x."CO33",x."CO34",x."CO35",x."CO36",x."CO37",x."CO38",x."CO39",x."CO40",x."CO41",x."CO42",x."CO43",x."CO44",x."CO45",x."CO46",x."CO47",x."CO48",x."CO49",x."CO50",x."CO51",x."CO52",x."CO53",x."CO54",x."CO55",x."CO56",x."CO57",x."CO58",x."CO59",x."CO60",x."CO61",x."CO62" from a x join a y on X.CO39 = y.co5;

-- ----------------------------
-- Sequence structure for GDMS_SYSTEM_ID_SEQ
-- ----------------------------
DROP SEQUENCE "BING"."GDMS_SYSTEM_ID_SEQ";
CREATE SEQUENCE "BING"."GDMS_SYSTEM_ID_SEQ"
 INCREMENT BY 1
 MINVALUE 1
 MAXVALUE 9999999999999999999999999999
 START WITH 21
 NOCACHE ;

-- ----------------------------
-- Indexes structure for table GDMS_DEV_MAIN
-- ----------------------------

-- ----------------------------
-- Checks structure for table GDMS_DEV_MAIN
-- ----------------------------
ALTER TABLE "BING"."GDMS_DEV_MAIN" ADD CHECK ("ID" IS NOT NULL);
ALTER TABLE "BING"."GDMS_DEV_MAIN" ADD CHECK ("NAME" IS NOT NULL);

-- ----------------------------
-- Primary Key structure for table GDMS_DEV_MAIN
-- ----------------------------
ALTER TABLE "BING"."GDMS_DEV_MAIN" ADD PRIMARY KEY ("ID");

-- ----------------------------
-- Indexes structure for table GDMS_DEV_MORE
-- ----------------------------

-- ----------------------------
-- Checks structure for table GDMS_DEV_MORE
-- ----------------------------
ALTER TABLE "BING"."GDMS_DEV_MORE" ADD CHECK ("DEV_ID" IS NOT NULL);

-- ----------------------------
-- Primary Key structure for table GDMS_DEV_MORE
-- ----------------------------
ALTER TABLE "BING"."GDMS_DEV_MORE" ADD PRIMARY KEY ("DEV_ID");

-- ----------------------------
-- Indexes structure for table GDMS_LANG
-- ----------------------------

-- ----------------------------
-- Checks structure for table GDMS_LANG
-- ----------------------------
ALTER TABLE "BING"."GDMS_LANG" ADD CHECK ("YE_MIAN_MING" IS NOT NULL);
ALTER TABLE "BING"."GDMS_LANG" ADD CHECK ("YU_ZHONG" IS NOT NULL);
ALTER TABLE "BING"."GDMS_LANG" ADD CHECK ("XU_HAO" IS NOT NULL);
ALTER TABLE "BING"."GDMS_LANG" ADD CHECK ("YE_MIAN_MING" IS NOT NULL);
ALTER TABLE "BING"."GDMS_LANG" ADD CHECK ("YU_ZHONG" IS NOT NULL);
ALTER TABLE "BING"."GDMS_LANG" ADD CHECK ("XU_HAO" IS NOT NULL);
ALTER TABLE "BING"."GDMS_LANG" ADD CHECK ("YE_MIAN_MING" IS NOT NULL);
ALTER TABLE "BING"."GDMS_LANG" ADD CHECK ("YU_ZHONG" IS NOT NULL);
ALTER TABLE "BING"."GDMS_LANG" ADD CHECK ("XU_HAO" IS NOT NULL);
ALTER TABLE "BING"."GDMS_LANG" ADD CHECK ("YE_MIAN_MING" IS NOT NULL);
ALTER TABLE "BING"."GDMS_LANG" ADD CHECK ("YU_ZHONG" IS NOT NULL);
ALTER TABLE "BING"."GDMS_LANG" ADD CHECK ("XU_HAO" IS NOT NULL);

-- ----------------------------
-- Primary Key structure for table GDMS_LANG
-- ----------------------------
ALTER TABLE "BING"."GDMS_LANG" ADD PRIMARY KEY ("YE_MIAN_MING", "YU_ZHONG", "XU_HAO");

-- ----------------------------
-- Indexes structure for table GDMS_PROJECT
-- ----------------------------

-- ----------------------------
-- Checks structure for table GDMS_PROJECT
-- ----------------------------
ALTER TABLE "BING"."GDMS_PROJECT" ADD CHECK ("ID" IS NOT NULL);

-- ----------------------------
-- Primary Key structure for table GDMS_PROJECT
-- ----------------------------
ALTER TABLE "BING"."GDMS_PROJECT" ADD PRIMARY KEY ("ID");

-- ----------------------------
-- Indexes structure for table GDMS_SITE
-- ----------------------------

-- ----------------------------
-- Checks structure for table GDMS_SITE
-- ----------------------------
ALTER TABLE "BING"."GDMS_SITE" ADD CHECK ("ID" IS NOT NULL);
ALTER TABLE "BING"."GDMS_SITE" ADD CHECK ("PARENT_ID" IS NOT NULL);
ALTER TABLE "BING"."GDMS_SITE" ADD CHECK ("SYSTEM_ID" IS NOT NULL);
ALTER TABLE "BING"."GDMS_SITE" ADD CHECK ("NAME" IS NOT NULL);

-- ----------------------------
-- Primary Key structure for table GDMS_SITE
-- ----------------------------
ALTER TABLE "BING"."GDMS_SITE" ADD PRIMARY KEY ("ID");

-- ----------------------------
-- Indexes structure for table GDMS_STN_MAIN
-- ----------------------------

-- ----------------------------
-- Checks structure for table GDMS_STN_MAIN
-- ----------------------------
ALTER TABLE "BING"."GDMS_STN_MAIN" ADD CHECK ("ID" IS NOT NULL);
ALTER TABLE "BING"."GDMS_STN_MAIN" ADD CHECK ("NAME" IS NOT NULL);

-- ----------------------------
-- Primary Key structure for table GDMS_STN_MAIN
-- ----------------------------
ALTER TABLE "BING"."GDMS_STN_MAIN" ADD PRIMARY KEY ("ID");

-- ----------------------------
-- Indexes structure for table GDMS_STN_MORE
-- ----------------------------

-- ----------------------------
-- Checks structure for table GDMS_STN_MORE
-- ----------------------------
ALTER TABLE "BING"."GDMS_STN_MORE" ADD CHECK ("STN_ID" IS NOT NULL);
ALTER TABLE "BING"."GDMS_STN_MORE" ADD CHECK ("ITEM" IS NOT NULL);

-- ----------------------------
-- Primary Key structure for table GDMS_STN_MORE
-- ----------------------------
ALTER TABLE "BING"."GDMS_STN_MORE" ADD PRIMARY KEY ("STN_ID", "ITEM");

-- ----------------------------
-- Indexes structure for table GDMS_STYLE
-- ----------------------------

-- ----------------------------
-- Checks structure for table GDMS_STYLE
-- ----------------------------
ALTER TABLE "BING"."GDMS_STYLE" ADD CHECK ("ID" IS NOT NULL);

-- ----------------------------
-- Primary Key structure for table GDMS_STYLE
-- ----------------------------
ALTER TABLE "BING"."GDMS_STYLE" ADD PRIMARY KEY ("ID");

-- ----------------------------
-- Indexes structure for table GDMS_SYSTEM
-- ----------------------------

-- ----------------------------
-- Checks structure for table GDMS_SYSTEM
-- ----------------------------
ALTER TABLE "BING"."GDMS_SYSTEM" ADD CHECK ("ID" IS NOT NULL);
ALTER TABLE "BING"."GDMS_SYSTEM" ADD CHECK ("NAME" IS NOT NULL);

-- ----------------------------
-- Primary Key structure for table GDMS_SYSTEM
-- ----------------------------
ALTER TABLE "BING"."GDMS_SYSTEM" ADD PRIMARY KEY ("ID");

-- ----------------------------
-- Indexes structure for table GDMS_TYPE
-- ----------------------------

-- ----------------------------
-- Checks structure for table GDMS_TYPE
-- ----------------------------
ALTER TABLE "BING"."GDMS_TYPE" ADD CHECK ("ID" IS NOT NULL);

-- ----------------------------
-- Primary Key structure for table GDMS_TYPE
-- ----------------------------
ALTER TABLE "BING"."GDMS_TYPE" ADD PRIMARY KEY ("ID");

-- ----------------------------
-- Indexes structure for table GDMS_USER
-- ----------------------------

-- ----------------------------
-- Checks structure for table GDMS_USER
-- ----------------------------
ALTER TABLE "BING"."GDMS_USER" ADD CHECK ("USER_ID" IS NOT NULL);
ALTER TABLE "BING"."GDMS_USER" ADD CHECK ("USER_NAME" IS NOT NULL);
ALTER TABLE "BING"."GDMS_USER" ADD CHECK ("PASS" IS NOT NULL);
ALTER TABLE "BING"."GDMS_USER" ADD CHECK ("USER_TYPE" IS NOT NULL);
ALTER TABLE "BING"."GDMS_USER" ADD CHECK ("USER_ID" IS NOT NULL);
ALTER TABLE "BING"."GDMS_USER" ADD CHECK ("USER_NAME" IS NOT NULL);
ALTER TABLE "BING"."GDMS_USER" ADD CHECK ("PASS" IS NOT NULL);
ALTER TABLE "BING"."GDMS_USER" ADD CHECK ("USER_TYPE" IS NOT NULL);
ALTER TABLE "BING"."GDMS_USER" ADD CHECK ("FAILED_LOGINS" IS NOT NULL);

-- ----------------------------
-- Primary Key structure for table GDMS_USER
-- ----------------------------
ALTER TABLE "BING"."GDMS_USER" ADD PRIMARY KEY ("USER_ID");

-- ----------------------------
-- Indexes structure for table GDMS_USER_SYSTEM
-- ----------------------------

-- ----------------------------
-- Checks structure for table GDMS_USER_SYSTEM
-- ----------------------------
ALTER TABLE "BING"."GDMS_USER_SYSTEM" ADD CHECK ("USER_ID" IS NOT NULL);
ALTER TABLE "BING"."GDMS_USER_SYSTEM" ADD CHECK ("SYSTEM_ID" IS NOT NULL);

-- ----------------------------
-- Primary Key structure for table GDMS_USER_SYSTEM
-- ----------------------------
ALTER TABLE "BING"."GDMS_USER_SYSTEM" ADD PRIMARY KEY ("USER_ID", "SYSTEM_ID");

-- ----------------------------
-- Indexes structure for table TXL_GUID_QUANXIAN
-- ----------------------------

-- ----------------------------
-- Checks structure for table TXL_GUID_QUANXIAN
-- ----------------------------
ALTER TABLE "BING"."TXL_GUID_QUANXIAN" ADD CHECK ("GUID" IS NOT NULL);

-- ----------------------------
-- Primary Key structure for table TXL_GUID_QUANXIAN
-- ----------------------------
ALTER TABLE "BING"."TXL_GUID_QUANXIAN" ADD PRIMARY KEY ("GUID");

-- ----------------------------
-- Checks structure for table TXL_JICHUSHUJU
-- ----------------------------
ALTER TABLE "BING"."TXL_JICHUSHUJU" ADD CHECK ("GUID" IS NOT NULL);
ALTER TABLE "BING"."TXL_JICHUSHUJU" ADD CHECK ("XING_MING" IS NOT NULL);
ALTER TABLE "BING"."TXL_JICHUSHUJU" ADD CHECK ("XIANG_MU" IS NOT NULL);
ALTER TABLE "BING"."TXL_JICHUSHUJU" ADD CHECK ("NEI_RONG" IS NOT NULL);

-- ----------------------------
-- Indexes structure for table TXL_USER
-- ----------------------------

-- ----------------------------
-- Checks structure for table TXL_USER
-- ----------------------------
ALTER TABLE "BING"."TXL_USER" ADD CHECK ("USER_ID" IS NOT NULL);
ALTER TABLE "BING"."TXL_USER" ADD CHECK ("USER_NAME" IS NOT NULL);
ALTER TABLE "BING"."TXL_USER" ADD CHECK ("PASS" IS NOT NULL);
ALTER TABLE "BING"."TXL_USER" ADD CHECK ("USER_TYPE" IS NOT NULL);

-- ----------------------------
-- Primary Key structure for table TXL_USER
-- ----------------------------
ALTER TABLE "BING"."TXL_USER" ADD PRIMARY KEY ("USER_ID");

-- ----------------------------
-- Indexes structure for table TXL_USER_ZU
-- ----------------------------

-- ----------------------------
-- Checks structure for table TXL_USER_ZU
-- ----------------------------
ALTER TABLE "BING"."TXL_USER_ZU" ADD CHECK ("USER_ID" IS NOT NULL);
ALTER TABLE "BING"."TXL_USER_ZU" ADD CHECK ("ZU_ID" IS NOT NULL);

-- ----------------------------
-- Primary Key structure for table TXL_USER_ZU
-- ----------------------------
ALTER TABLE "BING"."TXL_USER_ZU" ADD PRIMARY KEY ("USER_ID", "ZU_ID");

-- ----------------------------
-- Indexes structure for table TXL_YUYAN
-- ----------------------------

-- ----------------------------
-- Checks structure for table TXL_YUYAN
-- ----------------------------
ALTER TABLE "BING"."TXL_YUYAN" ADD CHECK ("YE_MIAN_MING" IS NOT NULL);
ALTER TABLE "BING"."TXL_YUYAN" ADD CHECK ("YU_ZHONG" IS NOT NULL);
ALTER TABLE "BING"."TXL_YUYAN" ADD CHECK ("XU_HAO" IS NOT NULL);

-- ----------------------------
-- Primary Key structure for table TXL_YUYAN
-- ----------------------------
ALTER TABLE "BING"."TXL_YUYAN" ADD PRIMARY KEY ("YE_MIAN_MING", "YU_ZHONG", "XU_HAO");

-- ----------------------------
-- Indexes structure for table TXL_ZU
-- ----------------------------

-- ----------------------------
-- Checks structure for table TXL_ZU
-- ----------------------------
ALTER TABLE "BING"."TXL_ZU" ADD CHECK ("ZU_ID" IS NOT NULL);
ALTER TABLE "BING"."TXL_ZU" ADD CHECK ("ZU_NAME" IS NOT NULL);
ALTER TABLE "BING"."TXL_ZU" ADD CHECK ("ZU_ID" IS NOT NULL);
ALTER TABLE "BING"."TXL_ZU" ADD CHECK ("ZU_NAME" IS NOT NULL);

-- ----------------------------
-- Primary Key structure for table TXL_ZU
-- ----------------------------
ALTER TABLE "BING"."TXL_ZU" ADD PRIMARY KEY ("ZU_ID");
